,@_fa,link,prism:url,dc:identifier,eid,dc:title,dc:creator,prism:publicationName,prism:issn,prism:volume,prism:pageRange,prism:coverDate,prism:coverDisplayDate,prism:doi,pii,citedby-count,affiliation,prism:aggregationType,subtype,subtypeDescription,article-number,source-id,openaccess,openaccessFlag,freetoread,freetoreadLabel,prism:eIssn,prism:issueIdentifier,pubmed-id,prism:isbn
0,true,"{'self': 'https://api.elsevier.com/content/abstract/scopus_id/85129715977', 'author-affiliation': 'https://api.elsevier.com/content/abstract/scopus_id/85129715977?field=author,affiliation', 'scopus': 'https://www.scopus.com/inward/record.uri?partnerID=HzOxMe3b&scp=85129715977&origin=inward', 'scopus-citedby': 'https://www.scopus.com/inward/citedby.uri?partnerID=HzOxMe3b&scp=85129715977&origin=inward', 'full-text': 'https://api.elsevier.com/content/article/eid/1-s2.0-S2210537922000725'}",https://api.elsevier.com/content/abstract/scopus_id/85129715977,SCOPUS_ID:85129715977,2-s2.0-85129715977,Urban traffic flow prediction techniques: A review,Medina-Salgado B.,Sustainable Computing: Informatics and Systems,22105379,35,,2022-09-01,September 2022,10.1016/j.suscom.2022.100739,S2210537922000725,0,"[{'@_fa': 'true', 'affilname': 'Tecnológico Nacional de México', 'affiliation-city': 'Mexico City', 'affiliation-country': 'Mexico'}, {'@_fa': 'true', 'affilname': 'Universidad de Sucre', 'affiliation-city': 'Sincelejo', 'affiliation-country': 'Colombia'}]",Journal,ar,Article,100739,19700201455,1,True,"{'value': [{'$': 'all'}, {'$': 'publisherhybridgold'}]}","{'value': [{'$': 'All Open Access'}, {'$': 'Hybrid Gold'}]}",,,,
1,true,"{'self': 'https://api.elsevier.com/content/abstract/scopus_id/85129679935', 'author-affiliation': 'https://api.elsevier.com/content/abstract/scopus_id/85129679935?field=author,affiliation', 'scopus': 'https://www.scopus.com/inward/record.uri?partnerID=HzOxMe3b&scp=85129679935&origin=inward', 'scopus-citedby': 'https://www.scopus.com/inward/citedby.uri?partnerID=HzOxMe3b&scp=85129679935&origin=inward', 'full-text': 'https://api.elsevier.com/content/article/eid/1-s2.0-S2351989422001287'}",https://api.elsevier.com/content/abstract/scopus_id/85129679935,SCOPUS_ID:85129679935,2-s2.0-85129679935,Integrated cloud computing and cost effective modelling to delineate the ecological corridors for Spectacled bears (Tremarctos ornatus) in the rural territories of the Peruvian Amazon,Cotrina Sánchez A.,Global Ecology and Conservation,,36,,2022-08-01,August 2022,10.1016/j.gecco.2022.e02126,S2351989422001287,0,"[{'@_fa': 'true', 'affilname': 'Universidad Nacional Toribio Rodríguez de Mendoza de Amazonas', 'affiliation-city': 'Chachapoyas', 'affiliation-country': 'Peru'}, {'@_fa': 'true', 'affilname': 'Università degli Studi della Tuscia Viterbo', 'affiliation-city': 'Viterbo', 'affiliation-country': 'Italy'}]",Journal,ar,Article,e02126,21100349522,1,True,"{'value': [{'$': 'all'}, {'$': 'publisherfullgold'}]}","{'value': [{'$': 'All Open Access'}, {'$': 'Gold'}]}",23519894,,,
2,true,"{'self': 'https://api.elsevier.com/content/abstract/scopus_id/85130643857', 'author-affiliation': 'https://api.elsevier.com/content/abstract/scopus_id/85130643857?field=author,affiliation', 'scopus': 'https://www.scopus.com/inward/record.uri?partnerID=HzOxMe3b&scp=85130643857&origin=inward', 'scopus-citedby': 'https://www.scopus.com/inward/citedby.uri?partnerID=HzOxMe3b&scp=85130643857&origin=inward'}",https://api.elsevier.com/content/abstract/scopus_id/85130643857,SCOPUS_ID:85130643857,2-s2.0-85130643857,Gut microbiota of wild fish as reporters of compromised aquatic environments sleuthed through machine learning,Turner J.W.,Physiological Genomics,10948341,54,177-185,2022-05-01,May 2022,10.1152/physiolgenomics.00002.2022,,0,"[{'@_fa': 'true', 'affilname': 'College of Medicine and Life Sciences', 'affiliation-city': 'Toledo', 'affiliation-country': 'United States'}]",Journal,ar,Article,,35934,0,False,,,15312267,5,35442774,
3,true,"{'self': 'https://api.elsevier.com/content/abstract/scopus_id/85129820284', 'author-affiliation': 'https://api.elsevier.com/content/abstract/scopus_id/85129820284?field=author,affiliation', 'scopus': 'https://www.scopus.com/inward/record.uri?partnerID=HzOxMe3b&scp=85129820284&origin=inward', 'scopus-citedby': 'https://www.scopus.com/inward/citedby.uri?partnerID=HzOxMe3b&scp=85129820284&origin=inward'}",https://api.elsevier.com/content/abstract/scopus_id/85129820284,SCOPUS_ID:85129820284,2-s2.0-85129820284,Predicting Atlantic Hurricanes Using Machine Learning,Velasco Herrera V.M.,Atmosphere,,13,,2022-05-01,May 2022,10.3390/atmos13050707,,0,"[{'@_fa': 'true', 'affilname': 'Universidad Nacional Autónoma de México', 'affiliation-city': 'Ciudad de México', 'affiliation-country': 'Mexico'}]",Journal,ar,Article,707,15838,1,True,"{'value': [{'$': 'all'}, {'$': 'publisherfullgold'}]}","{'value': [{'$': 'All Open Access'}, {'$': 'Gold'}]}",20734433,5,,
4,true,"{'self': 'https://api.elsevier.com/content/abstract/scopus_id/85126568488', 'author-affiliation': 'https://api.elsevier.com/content/abstract/scopus_id/85126568488?field=author,affiliation', 'scopus': 'https://www.scopus.com/inward/record.uri?partnerID=HzOxMe3b&scp=85126568488&origin=inward', 'scopus-citedby': 'https://www.scopus.com/inward/citedby.uri?partnerID=HzOxMe3b&scp=85126568488&origin=inward', 'full-text': 'https://api.elsevier.com/content/article/eid/1-s2.0-S2589537022000505'}",https://api.elsevier.com/content/abstract/scopus_id/85126568488,SCOPUS_ID:85126568488,2-s2.0-85126568488,Economic costs of childhood stunting to the private sector in low- and middle-income countries,Akseer N.,eClinicalMedicine,,45,,2022-03-01,March 2022,10.1016/j.eclinm.2022.101320,S2589537022000505,0,"[{'@_fa': 'true', 'affilname': 'Johns Hopkins Bloomberg School of Public Health', 'affiliation-city': 'Baltimore', 'affiliation-country': 'United States'}, {'@_fa': 'true', 'affilname': 'Modern Scientist Global', 'affiliation-city': None, 'affiliation-country': 'Canada'}]",Journal,ar,Article,101320,21100903225,1,True,"{'value': [{'$': 'all'}, {'$': 'publisherfullgold'}, {'$': 'repository'}, {'$': 'repositoryvor'}]}","{'value': [{'$': 'All Open Access'}, {'$': 'Gold'}, {'$': 'Green'}]}",25895370,,,
5,true,"{'self': 'https://api.elsevier.com/content/abstract/scopus_id/85122133561', 'author-affiliation': 'https://api.elsevier.com/content/abstract/scopus_id/85122133561?field=author,affiliation', 'scopus': 'https://www.scopus.com/inward/record.uri?partnerID=HzOxMe3b&scp=85122133561&origin=inward', 'scopus-citedby': 'https://www.scopus.com/inward/citedby.uri?partnerID=HzOxMe3b&scp=85122133561&origin=inward', 'full-text': 'https://api.elsevier.com/content/article/eid/1-s2.0-S0313592621001685'}",https://api.elsevier.com/content/abstract/scopus_id/85122133561,SCOPUS_ID:85122133561,2-s2.0-85122133561,Measuring vulnerability to multidimensional poverty with Bayesian network classifiers,Gallardo M.,Economic Analysis and Policy,03135926,73,492-512,2022-03-01,March 2022,10.1016/j.eap.2021.11.018,S0313592621001685,0,"[{'@_fa': 'true', 'affilname': 'Universidad Católica del Norte', 'affiliation-city': 'Antofagasta', 'affiliation-country': 'Chile'}]",Journal,ar,Article,,5800191435,1,True,"{'value': [{'$': 'all'}, {'$': 'publisherhybridgold'}]}","{'value': [{'$': 'All Open Access'}, {'$': 'Hybrid Gold'}]}",,,,
6,true,"{'self': 'https://api.elsevier.com/content/abstract/scopus_id/85124748782', 'author-affiliation': 'https://api.elsevier.com/content/abstract/scopus_id/85124748782?field=author,affiliation', 'scopus': 'https://www.scopus.com/inward/record.uri?partnerID=HzOxMe3b&scp=85124748782&origin=inward', 'scopus-citedby': 'https://www.scopus.com/inward/citedby.uri?partnerID=HzOxMe3b&scp=85124748782&origin=inward'}",https://api.elsevier.com/content/abstract/scopus_id/85124748782,SCOPUS_ID:85124748782,2-s2.0-85124748782,Artificial Intelligence in e-Learning Plausible Scenarios in Latin America and New Graduation Competencies,Gutierrez S.S.M.,Revista Iberoamericana de Tecnologias del Aprendizaje,,17,31-40,2022-02-01,1 February 2022,10.1109/RITA.2022.3149833,,0,"[{'@_fa': 'true', 'affilname': 'Universidad Autónoma del Estado de Hidalgo', 'affiliation-city': 'Pachuca', 'affiliation-country': 'Mexico'}]",Journal,ar,Article,,19700201532,0,False,,,19328540,1,,
7,true,"{'self': 'https://api.elsevier.com/content/abstract/scopus_id/85124437328', 'author-affiliation': 'https://api.elsevier.com/content/abstract/scopus_id/85124437328?field=author,affiliation', 'scopus': 'https://www.scopus.com/inward/record.uri?partnerID=HzOxMe3b&scp=85124437328&origin=inward', 'scopus-citedby': 'https://www.scopus.com/inward/citedby.uri?partnerID=HzOxMe3b&scp=85124437328&origin=inward'}",https://api.elsevier.com/content/abstract/scopus_id/85124437328,SCOPUS_ID:85124437328,2-s2.0-85124437328,"Critical appraisal of technologies to assess electrical activity during atrial fibrillation: a position paper from the European Heart Rhythm Association and European Society of Cardiology Working Group on eCardiology in collaboration with the Heart Rhythm Society, Asia Pacific Heart Rhythm Society, Latin American Heart Rhythm Society and Computing in Cardiology",De Groot N.M.S.,Europace,10995129,24,313-330,2022-02-01,1 February 2022,10.1093/europace/euab254,,0,"[{'@_fa': 'true', 'affilname': 'Erasmus MC', 'affiliation-city': 'Rotterdam', 'affiliation-country': 'Netherlands'}]",Journal,re,Review,,23181,1,True,"{'value': [{'$': 'all'}, {'$': 'publisherhybridgold'}, {'$': 'repository'}, {'$': 'repositoryvor'}]}","{'value': [{'$': 'All Open Access'}, {'$': 'Hybrid Gold'}, {'$': 'Green'}]}",15322092,2,34878119,
8,true,"{'self': 'https://api.elsevier.com/content/abstract/scopus_id/85130632596', 'author-affiliation': 'https://api.elsevier.com/content/abstract/scopus_id/85130632596?field=author,affiliation', 'scopus': 'https://www.scopus.com/inward/record.uri?partnerID=HzOxMe3b&scp=85130632596&origin=inward', 'scopus-citedby': 'https://www.scopus.com/inward/citedby.uri?partnerID=HzOxMe3b&scp=85130632596&origin=inward'}",https://api.elsevier.com/content/abstract/scopus_id/85130632596,SCOPUS_ID:85130632596,2-s2.0-85130632596,Digital Health and Artificial Intelligence: Advancing Healthcare Provision in Latin America,Garcia Alonso R.,IT Professional,15209202,24,62-68,2022-01-01,2022,10.1109/MITP.2022.3143530,,0,"[{'@_fa': 'true', 'affilname': 'Universidad de La Sabana', 'affiliation-city': 'Chía', 'affiliation-country': 'Colombia'}]",Journal,ar,Article,,25053,0,False,,,1941045X,2,,
9,true,"{'self': 'https://api.elsevier.com/content/abstract/scopus_id/85129060092', 'author-affiliation': 'https://api.elsevier.com/content/abstract/scopus_id/85129060092?field=author,affiliation', 'scopus': 'https://www.scopus.com/inward/record.uri?partnerID=HzOxMe3b&scp=85129060092&origin=inward', 'scopus-citedby': 'https://www.scopus.com/inward/citedby.uri?partnerID=HzOxMe3b&scp=85129060092&origin=inward'}",https://api.elsevier.com/content/abstract/scopus_id/85129060092,SCOPUS_ID:85129060092,2-s2.0-85129060092,Hybrid method to guide sustainable initiatives in higher education: a critical analysis of Brazilian municipalities,Paz T.d.S.R.,International Journal of Sustainability in Higher Education,14676370,,,2022-01-01,2022,10.1108/IJSHE-07-2021-0281,,0,"[{'@_fa': 'true', 'affilname': 'Universidade Federal Fluminense', 'affiliation-city': 'Niteroi', 'affiliation-country': 'Brazil'}]",Journal,ar,Article,,144819,0,False,,,,,,
10,true,"{'self': 'https://api.elsevier.com/content/abstract/scopus_id/85128946489', 'author-affiliation': 'https://api.elsevier.com/content/abstract/scopus_id/85128946489?field=author,affiliation', 'scopus': 'https://www.scopus.com/inward/record.uri?partnerID=HzOxMe3b&scp=85128946489&origin=inward', 'scopus-citedby': 'https://www.scopus.com/inward/citedby.uri?partnerID=HzOxMe3b&scp=85128946489&origin=inward'}",https://api.elsevier.com/content/abstract/scopus_id/85128946489,SCOPUS_ID:85128946489,2-s2.0-85128946489,Multiphase Model Based on K-means and Ant Colony Optimization to Solve the Capacitated Vehicle Routing Problem with Time Windows,Huamán A.,Communications in Computer and Information Science,18650929,1577 CCIS,141-157,2022-01-01,2022,10.1007/978-3-031-04447-2_10,,0,"[{'@_fa': 'true', 'affilname': 'Universidad Peruana de Ciencias Aplicadas', 'affiliation-city': 'Lima', 'affiliation-country': 'Peru'}]",Book Series,cp,Conference Paper,,17700155007,0,False,,,18650937,,,"[{'@_fa': 'true', '$': '9783031044465'}]"
11,true,"{'self': 'https://api.elsevier.com/content/abstract/scopus_id/85125805031', 'author-affiliation': 'https://api.elsevier.com/content/abstract/scopus_id/85125805031?field=author,affiliation', 'scopus': 'https://www.scopus.com/inward/record.uri?partnerID=HzOxMe3b&scp=85125805031&origin=inward', 'scopus-citedby': 'https://www.scopus.com/inward/citedby.uri?partnerID=HzOxMe3b&scp=85125805031&origin=inward'}",https://api.elsevier.com/content/abstract/scopus_id/85125805031,SCOPUS_ID:85125805031,2-s2.0-85125805031,Region-income-based prioritisation of Sustainable Development Goals by Gradient Boosting Machine,Asadikia A.,Sustainability Science,18624065,,,2022-01-01,2022,10.1007/s11625-022-01120-3,,0,"[{'@_fa': 'true', 'affilname': 'University of Melbourne', 'affiliation-city': 'Parkville', 'affiliation-country': 'Australia'}]",Journal,ar,Article,,5400152621,1,True,"{'value': [{'$': 'all'}, {'$': 'publisherfree2read'}, {'$': 'repository'}, {'$': 'repositoryvor'}]}","{'value': [{'$': 'All Open Access'}, {'$': 'Bronze'}, {'$': 'Green'}]}",18624057,,,
12,true,"{'self': 'https://api.elsevier.com/content/abstract/scopus_id/85124710428', 'author-affiliation': 'https://api.elsevier.com/content/abstract/scopus_id/85124710428?field=author,affiliation', 'scopus': 'https://www.scopus.com/inward/record.uri?partnerID=HzOxMe3b&scp=85124710428&origin=inward', 'scopus-citedby': 'https://www.scopus.com/inward/citedby.uri?partnerID=HzOxMe3b&scp=85124710428&origin=inward'}",https://api.elsevier.com/content/abstract/scopus_id/85124710428,SCOPUS_ID:85124710428,2-s2.0-85124710428,On the Use of Satellite Nightlights for Power Outages Prediction,Montoya-Rincon J.P.,IEEE Access,,10,16729-16739,2022-01-01,2022,10.1109/ACCESS.2022.3149485,,1,"[{'@_fa': 'true', 'affilname': 'City College of New York', 'affiliation-city': 'New York', 'affiliation-country': 'United States'}]",Journal,ar,Article,,21100374601,1,True,"{'value': [{'$': 'all'}, {'$': 'publisherfullgold'}]}","{'value': [{'$': 'All Open Access'}, {'$': 'Gold'}]}",21693536,,,
13,true,"{'self': 'https://api.elsevier.com/content/abstract/scopus_id/85122677665', 'author-affiliation': 'https://api.elsevier.com/content/abstract/scopus_id/85122677665?field=author,affiliation', 'scopus': 'https://www.scopus.com/inward/record.uri?partnerID=HzOxMe3b&scp=85122677665&origin=inward', 'scopus-citedby': 'https://www.scopus.com/inward/citedby.uri?partnerID=HzOxMe3b&scp=85122677665&origin=inward'}",https://api.elsevier.com/content/abstract/scopus_id/85122677665,SCOPUS_ID:85122677665,2-s2.0-85122677665,Machine-Learning-Based Proteomic Predictive Modeling with Thermally-Challenged Caribbean Reef Corals,Mayfield A.B.,Diversity,,14,,2022-01-01,January 2022,10.3390/d14010033,,0,"[{'@_fa': 'true', 'affilname': 'NOAA Atlantic Oceanographic and Meteorological Laboratory', 'affiliation-city': 'Miami', 'affiliation-country': 'United States'}, {'@_fa': 'true', 'affilname': 'Rosenstiel School of Marine and Atmospheric Science', 'affiliation-city': 'Miami', 'affiliation-country': 'United States'}]",Journal,ar,Article,33,6000187990,1,True,"{'value': [{'$': 'all'}, {'$': 'publisherfullgold'}, {'$': 'repository'}, {'$': 'repositoryvor'}]}","{'value': [{'$': 'All Open Access'}, {'$': 'Gold'}, {'$': 'Green'}]}",14242818,1,,
14,true,"{'self': 'https://api.elsevier.com/content/abstract/scopus_id/85120504262', 'author-affiliation': 'https://api.elsevier.com/content/abstract/scopus_id/85120504262?field=author,affiliation', 'scopus': 'https://www.scopus.com/inward/record.uri?partnerID=HzOxMe3b&scp=85120504262&origin=inward', 'scopus-citedby': 'https://www.scopus.com/inward/citedby.uri?partnerID=HzOxMe3b&scp=85120504262&origin=inward', 'full-text': 'https://api.elsevier.com/content/article/eid/1-s2.0-S0924271621003117'}",https://api.elsevier.com/content/abstract/scopus_id/85120504262,SCOPUS_ID:85120504262,2-s2.0-85120504262,Unsupervised spectral-spatial processing of drone imagery for identification of pine seedlings,Finn A.,ISPRS Journal of Photogrammetry and Remote Sensing,09242716,183,363-388,2022-01-01,January 2022,10.1016/j.isprsjprs.2021.11.013,S0924271621003117,0,"[{'@_fa': 'true', 'affilname': 'University of South Australia', 'affiliation-city': 'Adelaide', 'affiliation-country': 'Australia'}]",Journal,ar,Article,,29161,1,True,"{'value': [{'$': 'all'}, {'$': 'publisherhybridgold'}, {'$': 'repository'}, {'$': 'repositoryam'}]}","{'value': [{'$': 'All Open Access'}, {'$': 'Hybrid Gold'}, {'$': 'Green'}]}",,,,
15,true,"{'self': 'https://api.elsevier.com/content/abstract/scopus_id/85117714245', 'author-affiliation': 'https://api.elsevier.com/content/abstract/scopus_id/85117714245?field=author,affiliation', 'scopus': 'https://www.scopus.com/inward/record.uri?partnerID=HzOxMe3b&scp=85117714245&origin=inward', 'scopus-citedby': 'https://www.scopus.com/inward/citedby.uri?partnerID=HzOxMe3b&scp=85117714245&origin=inward'}",https://api.elsevier.com/content/abstract/scopus_id/85117714245,SCOPUS_ID:85117714245,2-s2.0-85117714245,IoT-Based Smart Agriculture and Poultry Farms for Environmental Sustainability and Development,Vinueza-Naranjo P.G.,EAI/Springer Innovations in Communication and Computing,25228595,,379-406,2022-01-01,2022,10.1007/978-3-030-75123-4_17,,0,"[{'@_fa': 'true', 'affilname': 'Universidad Nacional de Chimborazo', 'affiliation-city': 'Riobamba', 'affiliation-country': 'Ecuador'}]",Book Series,ch,Book Chapter,,21101019713,0,False,,,25228609,,,
16,true,"{'self': 'https://api.elsevier.com/content/abstract/scopus_id/85117208191', 'author-affiliation': 'https://api.elsevier.com/content/abstract/scopus_id/85117208191?field=author,affiliation', 'scopus': 'https://www.scopus.com/inward/record.uri?partnerID=HzOxMe3b&scp=85117208191&origin=inward', 'scopus-citedby': 'https://www.scopus.com/inward/citedby.uri?partnerID=HzOxMe3b&scp=85117208191&origin=inward'}",https://api.elsevier.com/content/abstract/scopus_id/85117208191,SCOPUS_ID:85117208191,2-s2.0-85117208191,Analytics and Lean Health Care to Address Nurse Care Management Challenges for Inpatients in Emerging Economies,Moreno-Fergusson M.E.,Journal of Nursing Scholarship,15276546,53,803-814,2021-11-01,November 2021,10.1111/jnu.12711,,0,"[{'@_fa': 'true', 'affilname': 'Universidad de La Sabana', 'affiliation-city': 'Chía', 'affiliation-country': 'Colombia'}]",Journal,ar,Article,,28237,1,True,"{'value': [{'$': 'all'}, {'$': 'publisherhybridgold'}]}","{'value': [{'$': 'All Open Access'}, {'$': 'Hybrid Gold'}]}",15475069,6,34668285,
17,true,"{'self': 'https://api.elsevier.com/content/abstract/scopus_id/85124913797', 'author-affiliation': 'https://api.elsevier.com/content/abstract/scopus_id/85124913797?field=author,affiliation', 'scopus': 'https://www.scopus.com/inward/record.uri?partnerID=HzOxMe3b&scp=85124913797&origin=inward', 'scopus-citedby': 'https://www.scopus.com/inward/citedby.uri?partnerID=HzOxMe3b&scp=85124913797&origin=inward'}",https://api.elsevier.com/content/abstract/scopus_id/85124913797,SCOPUS_ID:85124913797,2-s2.0-85124913797,"Artificial intelligence, communication, and democracy in Latin America: a review of the cases of Colombia, Ecuador, and Mexico",Barredo-Ibáñez D.,Profesional de la Informacion,13866710,30,,2021-10-28,28 October 2021,10.3145/epi.2021.nov.16,,0,"[{'@_fa': 'true', 'affilname': 'Fudan University', 'affiliation-city': 'Shanghai', 'affiliation-country': 'China'}]",Journal,ar,Article,e300616,6200180164,1,True,"{'value': [{'$': 'all'}, {'$': 'publisherfree2read'}]}","{'value': [{'$': 'All Open Access'}, {'$': 'Bronze'}]}",16992407,6,,
18,true,"{'self': 'https://api.elsevier.com/content/abstract/scopus_id/85114282513', 'author-affiliation': 'https://api.elsevier.com/content/abstract/scopus_id/85114282513?field=author,affiliation', 'scopus': 'https://www.scopus.com/inward/record.uri?partnerID=HzOxMe3b&scp=85114282513&origin=inward', 'scopus-citedby': 'https://www.scopus.com/inward/citedby.uri?partnerID=HzOxMe3b&scp=85114282513&origin=inward'}",https://api.elsevier.com/content/abstract/scopus_id/85114282513,SCOPUS_ID:85114282513,2-s2.0-85114282513,Bright and blind spots of water research in Latin America and the Caribbean,Devincentis A.J.,Hydrology and Earth System Sciences,10275606,25,4631-4650,2021-08-30,30 August 2021,10.5194/hess-25-4631-2021,,1,"[{'@_fa': 'true', 'affilname': 'University of California, Davis', 'affiliation-city': 'Davis', 'affiliation-country': 'United States'}]",Journal,ar,Article,,29472,1,True,"{'value': [{'$': 'all'}, {'$': 'publisherfullgold'}, {'$': 'repository'}, {'$': 'repositoryam'}]}","{'value': [{'$': 'All Open Access'}, {'$': 'Gold'}, {'$': 'Green'}]}",16077938,8,,
19,true,"{'self': 'https://api.elsevier.com/content/abstract/scopus_id/85107416338', 'author-affiliation': 'https://api.elsevier.com/content/abstract/scopus_id/85107416338?field=author,affiliation', 'scopus': 'https://www.scopus.com/inward/record.uri?partnerID=HzOxMe3b&scp=85107416338&origin=inward', 'scopus-citedby': 'https://www.scopus.com/inward/citedby.uri?partnerID=HzOxMe3b&scp=85107416338&origin=inward', 'full-text': 'https://api.elsevier.com/content/article/eid/1-s2.0-S0894731721004831'}",https://api.elsevier.com/content/abstract/scopus_id/85107416338,SCOPUS_ID:85107416338,2-s2.0-85107416338,Echocardiographic Correlates of In-Hospital Death in Patients with Acute COVID-19 Infection: The World Alliance Societies of Echocardiography (WASE-COVID) Study,Karagodin I.,Journal of the American Society of Echocardiography,08947317,34,819-830,2021-08-01,August 2021,10.1016/j.echo.2021.05.010,S0894731721004831,13,"[{'@_fa': 'true', 'affilname': 'The University of Chicago', 'affiliation-city': 'Chicago', 'affiliation-country': 'United States'}]",Journal,ar,Article,,22424,0,False,"{'value': [{'$': 'all'}, {'$': 'repository'}, {'$': 'repositoryvor'}]}","{'value': [{'$': 'All Open Access'}, {'$': 'Green'}]}",10976795,8,34023454,
20,true,"{'self': 'https://api.elsevier.com/content/abstract/scopus_id/85105907513', 'author-affiliation': 'https://api.elsevier.com/content/abstract/scopus_id/85105907513?field=author,affiliation', 'scopus': 'https://www.scopus.com/inward/record.uri?partnerID=HzOxMe3b&scp=85105907513&origin=inward', 'scopus-citedby': 'https://www.scopus.com/inward/citedby.uri?partnerID=HzOxMe3b&scp=85105907513&origin=inward'}",https://api.elsevier.com/content/abstract/scopus_id/85105907513,SCOPUS_ID:85105907513,2-s2.0-85105907513,Morphological traits of reef corals predict extinction risk but not conservation status,Raja N.B.,Global Ecology and Biogeography,1466822X,30,1597-1608,2021-08-01,August 2021,10.1111/geb.13321,,2,"[{'@_fa': 'true', 'affilname': 'Friedrich-Alexander-Universität Erlangen-Nürnberg', 'affiliation-city': 'Erlangen', 'affiliation-country': 'Germany'}]",Journal,ar,Article,,22044,1,True,"{'value': [{'$': 'all'}, {'$': 'publisherhybridgold'}]}","{'value': [{'$': 'All Open Access'}, {'$': 'Hybrid Gold'}]}",14668238,8,,
21,true,"{'self': 'https://api.elsevier.com/content/abstract/scopus_id/85112481225', 'author-affiliation': 'https://api.elsevier.com/content/abstract/scopus_id/85112481225?field=author,affiliation', 'scopus': 'https://www.scopus.com/inward/record.uri?partnerID=HzOxMe3b&scp=85112481225&origin=inward', 'scopus-citedby': 'https://www.scopus.com/inward/citedby.uri?partnerID=HzOxMe3b&scp=85112481225&origin=inward'}",https://api.elsevier.com/content/abstract/scopus_id/85112481225,SCOPUS_ID:85112481225,2-s2.0-85112481225,The Coloniality of Data Work in Latin America,Posada J.,"AIES 2021 - Proceedings of the 2021 AAAI/ACM Conference on AI, Ethics, and Society",,,277-278,2021-07-21,21 July 2021,10.1145/3461702.3462471,,0,"[{'@_fa': 'true', 'affilname': 'University of Toronto', 'affiliation-city': 'Toronto', 'affiliation-country': 'Canada'}]",Conference Proceeding,cp,Conference Paper,,21101055752,0,False,"{'value': [{'$': 'all'}, {'$': 'repository'}, {'$': 'repositoryam'}]}","{'value': [{'$': 'All Open Access'}, {'$': 'Green'}]}",,,,"[{'@_fa': 'true', '$': '9781450384735'}]"
22,true,"{'self': 'https://api.elsevier.com/content/abstract/scopus_id/85112459709', 'author-affiliation': 'https://api.elsevier.com/content/abstract/scopus_id/85112459709?field=author,affiliation', 'scopus': 'https://www.scopus.com/inward/record.uri?partnerID=HzOxMe3b&scp=85112459709&origin=inward', 'scopus-citedby': 'https://www.scopus.com/inward/citedby.uri?partnerID=HzOxMe3b&scp=85112459709&origin=inward'}",https://api.elsevier.com/content/abstract/scopus_id/85112459709,SCOPUS_ID:85112459709,2-s2.0-85112459709,"AIES 2021 - Proceedings of the 2021 AAAI/ACM Conference on AI, Ethics, and Society",,"AIES 2021 - Proceedings of the 2021 AAAI/ACM Conference on AI, Ethics, and Society",,,,2021-07-21,21 July 2021,,,0,,Conference Proceeding,cr,Conference Review,,21101055752,0,False,,,,,,"[{'@_fa': 'true', '$': '9781450384735'}]"
23,true,"{'self': 'https://api.elsevier.com/content/abstract/scopus_id/85102476633', 'author-affiliation': 'https://api.elsevier.com/content/abstract/scopus_id/85102476633?field=author,affiliation', 'scopus': 'https://www.scopus.com/inward/record.uri?partnerID=HzOxMe3b&scp=85102476633&origin=inward', 'scopus-citedby': 'https://www.scopus.com/inward/citedby.uri?partnerID=HzOxMe3b&scp=85102476633&origin=inward'}",https://api.elsevier.com/content/abstract/scopus_id/85102476633,SCOPUS_ID:85102476633,2-s2.0-85102476633,Ciguatera mini review: 21st century environmental challenges and the interdisciplinary research efforts rising to meet them,Loeffler C.R.,International Journal of Environmental Research and Public Health,16617827,18,1-27,2021-03-02,2 March 2021,10.3390/ijerph18063027,,6,"[{'@_fa': 'true', 'affilname': 'Bundesinstitut für Risikobewertung', 'affiliation-city': 'Berlin', 'affiliation-country': 'Germany'}, {'@_fa': 'true', 'affilname': 'Università degli Studi di Napoli Federico II, Facoltà di Medicina e Chirurgia', 'affiliation-city': 'Naples', 'affiliation-country': 'Italy'}]",Journal,re,Review,3027,144989,1,True,"{'value': [{'$': 'all'}, {'$': 'publisherfullgold'}, {'$': 'repository'}, {'$': 'repositoryvor'}]}","{'value': [{'$': 'All Open Access'}, {'$': 'Gold'}, {'$': 'Green'}]}",16604601,6,33804281,
24,true,"{'self': 'https://api.elsevier.com/content/abstract/scopus_id/85121008397', 'author-affiliation': 'https://api.elsevier.com/content/abstract/scopus_id/85121008397?field=author,affiliation', 'scopus': 'https://www.scopus.com/inward/record.uri?partnerID=HzOxMe3b&scp=85121008397&origin=inward', 'scopus-citedby': 'https://www.scopus.com/inward/citedby.uri?partnerID=HzOxMe3b&scp=85121008397&origin=inward'}",https://api.elsevier.com/content/abstract/scopus_id/85121008397,SCOPUS_ID:85121008397,2-s2.0-85121008397,Active learning using inter-university networks in Latin america with supply chain resilience projects in micro and small enterprises,Ruiz-Cantisani M.I.,IISE Annual Conference and Expo 2021,,,405-410,2021-01-01,2021,,,0,"[{'@_fa': 'true', 'affilname': 'Tecnologico de Monterrey', 'affiliation-city': 'Monterrey', 'affiliation-country': 'Mexico'}]",Conference Proceeding,cp,Conference Paper,,21101068000,0,False,,,,,,"[{'@_fa': 'true', '$': '9781713838470'}]"
25,true,"{'self': 'https://api.elsevier.com/content/abstract/scopus_id/85120576891', 'author-affiliation': 'https://api.elsevier.com/content/abstract/scopus_id/85120576891?field=author,affiliation', 'scopus': 'https://www.scopus.com/inward/record.uri?partnerID=HzOxMe3b&scp=85120576891&origin=inward', 'scopus-citedby': 'https://www.scopus.com/inward/citedby.uri?partnerID=HzOxMe3b&scp=85120576891&origin=inward'}",https://api.elsevier.com/content/abstract/scopus_id/85120576891,SCOPUS_ID:85120576891,2-s2.0-85120576891,"1st International Conference on Advanced Research in Technologies, Information, Innovation and Sustainability, ARTIIS 2021",,Communications in Computer and Information Science,18650929,1485 CCIS,,2021-01-01,2021,,,0,,Book Series,cr,Conference Review,,17700155007,0,False,,,18650937,,,"[{'@_fa': 'true', '$': '9783030902407'}]"
26,true,"{'self': 'https://api.elsevier.com/content/abstract/scopus_id/85118702874', 'author-affiliation': 'https://api.elsevier.com/content/abstract/scopus_id/85118702874?field=author,affiliation', 'scopus': 'https://www.scopus.com/inward/record.uri?partnerID=HzOxMe3b&scp=85118702874&origin=inward', 'scopus-citedby': 'https://www.scopus.com/inward/citedby.uri?partnerID=HzOxMe3b&scp=85118702874&origin=inward'}",https://api.elsevier.com/content/abstract/scopus_id/85118702874,SCOPUS_ID:85118702874,2-s2.0-85118702874,Discrimination in an automated society: Contributions from Latin America,Gutiérrez C.M.,Revista Chilena de Derecho y Tecnologia,07192576,10,271-307,2021-01-01,2021,10.5354/0719-2584.2021.58793,,0,"[{'@_fa': 'true', 'affilname': 'Abogada independiente', 'affiliation-city': None, 'affiliation-country': 'Chile'}]",Journal,ar,Article,,21100845659,1,True,"{'value': [{'$': 'all'}, {'$': 'publisherfullgold'}, {'$': 'repository'}, {'$': 'repositoryvor'}]}","{'value': [{'$': 'All Open Access'}, {'$': 'Gold'}, {'$': 'Green'}]}",07192584,1,,
27,true,"{'self': 'https://api.elsevier.com/content/abstract/scopus_id/85115187550', 'author-affiliation': 'https://api.elsevier.com/content/abstract/scopus_id/85115187550?field=author,affiliation', 'scopus': 'https://www.scopus.com/inward/record.uri?partnerID=HzOxMe3b&scp=85115187550&origin=inward', 'scopus-citedby': 'https://www.scopus.com/inward/citedby.uri?partnerID=HzOxMe3b&scp=85115187550&origin=inward'}",https://api.elsevier.com/content/abstract/scopus_id/85115187550,SCOPUS_ID:85115187550,2-s2.0-85115187550,"25th European Conference on Advances in Databases and Information Systems, ADBIS 2021 co-allocated with Workshops on DOING, SIMPDA, MADEISD, MegaData, CAoNS 2021",,Communications in Computer and Information Science,18650929,1450 CCIS,,2021-01-01,2021,,,0,,Book Series,cr,Conference Review,,17700155007,0,False,,,18650937,,,"[{'@_fa': 'true', '$': '9783030850814'}]"
28,true,"{'self': 'https://api.elsevier.com/content/abstract/scopus_id/85111632313', 'author-affiliation': 'https://api.elsevier.com/content/abstract/scopus_id/85111632313?field=author,affiliation', 'scopus': 'https://www.scopus.com/inward/record.uri?partnerID=HzOxMe3b&scp=85111632313&origin=inward', 'scopus-citedby': 'https://www.scopus.com/inward/citedby.uri?partnerID=HzOxMe3b&scp=85111632313&origin=inward'}",https://api.elsevier.com/content/abstract/scopus_id/85111632313,SCOPUS_ID:85111632313,2-s2.0-85111632313,"Advances, Opportunities, and Challenges in the Digital Transformation of HEIs in Latin America",Serna Gómez J.H.,Lecture Notes in Educational Technology,21964963,,55-75,2021-01-01,2021,10.1007/978-981-16-3941-8_4,,0,"[{'@_fa': 'true', 'affilname': 'Fundación Universitaria Internacional de La Rioja - UNIR', 'affiliation-city': 'Bogota', 'affiliation-country': 'Colombia'}]",Book Series,ch,Book Chapter,,21100834881,0,False,,,21964971,,,
29,true,"{'self': 'https://api.elsevier.com/content/abstract/scopus_id/85111133061', 'author-affiliation': 'https://api.elsevier.com/content/abstract/scopus_id/85111133061?field=author,affiliation', 'scopus': 'https://www.scopus.com/inward/record.uri?partnerID=HzOxMe3b&scp=85111133061&origin=inward', 'scopus-citedby': 'https://www.scopus.com/inward/citedby.uri?partnerID=HzOxMe3b&scp=85111133061&origin=inward'}",https://api.elsevier.com/content/abstract/scopus_id/85111133061,SCOPUS_ID:85111133061,2-s2.0-85111133061,Bioinformatics in Latin America: ISCB-LA SOIBIO RMB Symposium 2020,Hernández-Rosales M.,Interface Focus,20428898,11,,2021-01-01,2021,10.1098/rsfs.2021.0038,,0,,Journal,cp,Conference Paper,20210038,21100201986,1,True,"{'value': [{'$': 'all'}, {'$': 'publisherfree2read'}, {'$': 'repository'}, {'$': 'repositoryvor'}]}","{'value': [{'$': 'All Open Access'}, {'$': 'Bronze'}, {'$': 'Green'}]}",20428901,4,,
30,true,"{'self': 'https://api.elsevier.com/content/abstract/scopus_id/85109573614', 'author-affiliation': 'https://api.elsevier.com/content/abstract/scopus_id/85109573614?field=author,affiliation', 'scopus': 'https://www.scopus.com/inward/record.uri?partnerID=HzOxMe3b&scp=85109573614&origin=inward', 'scopus-citedby': 'https://www.scopus.com/inward/citedby.uri?partnerID=HzOxMe3b&scp=85109573614&origin=inward'}",https://api.elsevier.com/content/abstract/scopus_id/85109573614,SCOPUS_ID:85109573614,2-s2.0-85109573614,Chinese and U.S. AI and Cloud Multinational Corporations in Latin America,Vila Seoane M.F.,International Political Economy Series,26622483,,85-111,2021-01-01,2021,10.1007/978-3-030-74420-5_5,,0,"[{'@_fa': 'true', 'affilname': 'Universidad Nacional de San Martín', 'affiliation-city': 'San Martin', 'affiliation-country': 'Argentina'}]",Book Series,ch,Book Chapter,,21101023167,0,False,,,26622491,,,
31,true,"{'self': 'https://api.elsevier.com/content/abstract/scopus_id/85104835498', 'author-affiliation': 'https://api.elsevier.com/content/abstract/scopus_id/85104835498?field=author,affiliation', 'scopus': 'https://www.scopus.com/inward/record.uri?partnerID=HzOxMe3b&scp=85104835498&origin=inward', 'scopus-citedby': 'https://www.scopus.com/inward/citedby.uri?partnerID=HzOxMe3b&scp=85104835498&origin=inward'}",https://api.elsevier.com/content/abstract/scopus_id/85104835498,SCOPUS_ID:85104835498,2-s2.0-85104835498,Decisive Factors of Business Dynamism in Latin America: An Approach from the New Institutional Economy Perspective,Morales-Urrutia X.,Advances in Intelligent Systems and Computing,21945357,1327 AISC,190-201,2021-01-01,2021,10.1007/978-3-030-68083-1_15,,0,"[{'@_fa': 'true', 'affilname': 'Universidad Indoamérica', 'affiliation-city': 'Ambato', 'affiliation-country': 'Ecuador'}]",Book Series,cp,Conference Paper,,5100152904,0,False,,,21945365,,,"[{'@_fa': 'true', '$': '9783030680824'}]"
32,true,"{'self': 'https://api.elsevier.com/content/abstract/scopus_id/85089840017', 'author-affiliation': 'https://api.elsevier.com/content/abstract/scopus_id/85089840017?field=author,affiliation', 'scopus': 'https://www.scopus.com/inward/record.uri?partnerID=HzOxMe3b&scp=85089840017&origin=inward', 'scopus-citedby': 'https://www.scopus.com/inward/citedby.uri?partnerID=HzOxMe3b&scp=85089840017&origin=inward', 'full-text': 'https://api.elsevier.com/content/article/eid/1-s2.0-S0167739X20301928'}",https://api.elsevier.com/content/abstract/scopus_id/85089840017,SCOPUS_ID:85089840017,2-s2.0-85089840017,Detecting misogyny in Spanish tweets. An approach based on linguistics features and word embeddings,García-Díaz J.A.,Future Generation Computer Systems,0167739X,114,506-518,2021-01-01,January 2021,10.1016/j.future.2020.08.032,S0167739X20301928,27,"[{'@_fa': 'true', 'affilname': 'Universidad de Murcia', 'affiliation-city': 'Murcia', 'affiliation-country': 'Spain'}]",Journal,ar,Article,,12264,0,False,,,,,,
33,true,"{'self': 'https://api.elsevier.com/content/abstract/scopus_id/85087809784', 'author-affiliation': 'https://api.elsevier.com/content/abstract/scopus_id/85087809784?field=author,affiliation', 'scopus': 'https://www.scopus.com/inward/record.uri?partnerID=HzOxMe3b&scp=85087809784&origin=inward', 'scopus-citedby': 'https://www.scopus.com/inward/citedby.uri?partnerID=HzOxMe3b&scp=85087809784&origin=inward'}",https://api.elsevier.com/content/abstract/scopus_id/85087809784,SCOPUS_ID:85087809784,2-s2.0-85087809784,"Analysis of incidence of air quality on human health: a case study on the relationship between pollutant concentrations and respiratory diseases in Kennedy, Bogotá",Molina-Gómez N.I.,International Journal of Biometeorology,00207128,65,119-132,2021-01-01,January 2021,10.1007/s00484-020-01955-4,,4,"[{'@_fa': 'true', 'affilname': 'Universidad Santo Tomás', 'affiliation-city': 'Bogota', 'affiliation-country': 'Colombia'}, {'@_fa': 'true', 'affilname': 'Universitat Politècnica de València', 'affiliation-city': 'Valencia', 'affiliation-country': 'Spain'}]",Journal,ar,Article,,13506,0,False,"{'value': [{'$': 'all'}, {'$': 'repository'}, {'$': 'repositoryvor'}]}","{'value': [{'$': 'All Open Access'}, {'$': 'Green'}]}",14321254,1,32661801,
34,true,"{'self': 'https://api.elsevier.com/content/abstract/scopus_id/85089905895', 'author-affiliation': 'https://api.elsevier.com/content/abstract/scopus_id/85089905895?field=author,affiliation', 'scopus': 'https://www.scopus.com/inward/record.uri?partnerID=HzOxMe3b&scp=85089905895&origin=inward', 'scopus-citedby': 'https://www.scopus.com/inward/citedby.uri?partnerID=HzOxMe3b&scp=85089905895&origin=inward', 'full-text': 'https://api.elsevier.com/content/article/eid/1-s2.0-S0895981120303461'}",https://api.elsevier.com/content/abstract/scopus_id/85089905895,SCOPUS_ID:85089905895,2-s2.0-85089905895,"Topographic control of glacier changes since the end of the Little Ice Age in the Sierra Nevada de Santa Marta mountains, Colombia",López-Moreno J.I.,Journal of South American Earth Sciences,08959811,104,,2020-12-01,December 2020,10.1016/j.jsames.2020.102803,S0895981120303461,3,"[{'@_fa': 'true', 'affilname': 'Instituto Pirenaico de Ecología', 'affiliation-city': 'Zaragoza', 'affiliation-country': 'Spain'}]",Journal,ar,Article,102803,23226,0,False,,,,,,
35,true,"{'self': 'https://api.elsevier.com/content/abstract/scopus_id/85089530391', 'author-affiliation': 'https://api.elsevier.com/content/abstract/scopus_id/85089530391?field=author,affiliation', 'scopus': 'https://www.scopus.com/inward/record.uri?partnerID=HzOxMe3b&scp=85089530391&origin=inward', 'scopus-citedby': 'https://www.scopus.com/inward/citedby.uri?partnerID=HzOxMe3b&scp=85089530391&origin=inward'}",https://api.elsevier.com/content/abstract/scopus_id/85089530391,SCOPUS_ID:85089530391,2-s2.0-85089530391,Machine learning in neurosurgery: a global survey,Staartjes V.E.,Acta Neurochirurgica,00016268,162,3081-3091,2020-12-01,1 December 2020,10.1007/s00701-020-04532-1,,20,"[{'@_fa': 'true', 'affilname': 'UniversitatsSpital Zurich', 'affiliation-city': 'Zurich', 'affiliation-country': 'Switzerland'}, {'@_fa': 'true', 'affilname': 'Vrije Universiteit Amsterdam', 'affiliation-city': 'Amsterdam', 'affiliation-country': 'Netherlands'}, {'@_fa': 'true', 'affilname': 'Bergman Clinics', 'affiliation-city': 'Amsterdam', 'affiliation-country': 'Netherlands'}]",Journal,ar,Article,,20412,1,True,"{'value': [{'$': 'all'}, {'$': 'publisherhybridgold'}, {'$': 'repository'}, {'$': 'repositoryvor'}, {'$': 'repositoryam'}]}","{'value': [{'$': 'All Open Access'}, {'$': 'Hybrid Gold'}, {'$': 'Green'}]}",09420940,12,32812067,
36,true,"{'self': 'https://api.elsevier.com/content/abstract/scopus_id/85094878951', 'author-affiliation': 'https://api.elsevier.com/content/abstract/scopus_id/85094878951?field=author,affiliation', 'scopus': 'https://www.scopus.com/inward/record.uri?partnerID=HzOxMe3b&scp=85094878951&origin=inward', 'scopus-citedby': 'https://www.scopus.com/inward/citedby.uri?partnerID=HzOxMe3b&scp=85094878951&origin=inward'}",https://api.elsevier.com/content/abstract/scopus_id/85094878951,SCOPUS_ID:85094878951,2-s2.0-85094878951,The Latin American supercomputing ecosystem for science,Gitler I.,Communications of the ACM,00010782,63,66-71,2020-10-22,22 October 2020,10.1145/3419977,,6,"[{'@_fa': 'true', 'affilname': 'Centro de Investigacion y de Estudios Avanzados', 'affiliation-city': 'Mexico City', 'affiliation-country': 'Mexico'}]",Journal,ar,Article,,13675,0,False,,,15577317,11,,
37,true,"{'self': 'https://api.elsevier.com/content/abstract/scopus_id/85089539043', 'author-affiliation': 'https://api.elsevier.com/content/abstract/scopus_id/85089539043?field=author,affiliation', 'scopus': 'https://www.scopus.com/inward/record.uri?partnerID=HzOxMe3b&scp=85089539043&origin=inward', 'scopus-citedby': 'https://www.scopus.com/inward/citedby.uri?partnerID=HzOxMe3b&scp=85089539043&origin=inward', 'full-text': 'https://api.elsevier.com/content/article/eid/1-s2.0-S1547527120304252'}",https://api.elsevier.com/content/abstract/scopus_id/85089539043,SCOPUS_ID:85089539043,2-s2.0-85089539043,"European Heart Rhythm Association (EHRA)/Heart Rhythm Society (HRS)/Asia Pacific Heart Rhythm Society (APHRS)/Latin American Heart Rhythm Society (LAHRS) expert consensus on risk assessment in cardiac arrhythmias: use the right tool for the right outcome, in the right population",Nielsen J.C.,Heart Rhythm,15475271,17,e269-e316,2020-09-01,September 2020,10.1016/j.hrthm.2020.05.004,S1547527120304252,4,"[{'@_fa': 'true', 'affilname': 'Aarhus Universitetshospital', 'affiliation-city': 'Aarhus', 'affiliation-country': 'Denmark'}]",Journal,ar,Article,,23246,1,True,"{'value': [{'$': 'all'}, {'$': 'publisherhybridgold'}, {'$': 'repository'}, {'$': 'repositoryvor'}]}","{'value': [{'$': 'All Open Access'}, {'$': 'Hybrid Gold'}, {'$': 'Green'}]}",15563871,9,32553607,
38,true,"{'self': 'https://api.elsevier.com/content/abstract/scopus_id/85089127351', 'author-affiliation': 'https://api.elsevier.com/content/abstract/scopus_id/85089127351?field=author,affiliation', 'scopus': 'https://www.scopus.com/inward/record.uri?partnerID=HzOxMe3b&scp=85089127351&origin=inward', 'scopus-citedby': 'https://www.scopus.com/inward/citedby.uri?partnerID=HzOxMe3b&scp=85089127351&origin=inward'}",https://api.elsevier.com/content/abstract/scopus_id/85089127351,SCOPUS_ID:85089127351,2-s2.0-85089127351,"European Heart Rhythm Association (EHRA)/Heart Rhythm Society (HRS)/Asia Pacific Heart Rhythm Society (APHRS)/Latin American Heart Rhythm Society (LAHRS) expert consensus on risk assessment in cardiac arrhythmias: Use the right tool for the right outcome, in the right population",Nielsen J.C.,Europace,10995129,22,1147-1148,2020-08-01,1 August 2020,10.1093/europace/euaa065,,35,"[{'@_fa': 'true', 'affilname': 'Aarhus Universitetshospital', 'affiliation-city': 'Aarhus', 'affiliation-country': 'Denmark'}]",Journal,re,Review,,23181,1,True,"{'value': [{'$': 'all'}, {'$': 'publisherhybridgold'}, {'$': 'repository'}, {'$': 'repositoryvor'}]}","{'value': [{'$': 'All Open Access'}, {'$': 'Hybrid Gold'}, {'$': 'Green'}]}",15322092,8,32538434,
39,true,"{'self': 'https://api.elsevier.com/content/abstract/scopus_id/85095935082', 'author-affiliation': 'https://api.elsevier.com/content/abstract/scopus_id/85095935082?field=author,affiliation', 'scopus': 'https://www.scopus.com/inward/record.uri?partnerID=HzOxMe3b&scp=85095935082&origin=inward', 'scopus-citedby': 'https://www.scopus.com/inward/citedby.uri?partnerID=HzOxMe3b&scp=85095935082&origin=inward'}",https://api.elsevier.com/content/abstract/scopus_id/85095935082,SCOPUS_ID:85095935082,2-s2.0-85095935082,La incidencia de la opinión social en el grado de vulnerabilidad de los edificios patrimoniales. El caso del centro histórico de Popayán (Colombia),Varona M.I.T.,Ge-Conservacion,,17,267-279,2020-06-25,25 June 2020,10.37558/gec.v17i1.777,,1,,Journal,ar,Article,,21100207633,1,True,"{'value': [{'$': 'all'}, {'$': 'publisherfullgold'}, {'$': 'repository'}, {'$': 'repositoryam'}]}","{'value': [{'$': 'All Open Access'}, {'$': 'Gold'}, {'$': 'Green'}]}",19898568,,,
40,true,"{'self': 'https://api.elsevier.com/content/abstract/scopus_id/85084374855', 'author-affiliation': 'https://api.elsevier.com/content/abstract/scopus_id/85084374855?field=author,affiliation', 'scopus': 'https://www.scopus.com/inward/record.uri?partnerID=HzOxMe3b&scp=85084374855&origin=inward', 'scopus-citedby': 'https://www.scopus.com/inward/citedby.uri?partnerID=HzOxMe3b&scp=85084374855&origin=inward'}",https://api.elsevier.com/content/abstract/scopus_id/85084374855,SCOPUS_ID:85084374855,2-s2.0-85084374855,Rhodobacterales and Rhizobiales Are Associated With Stony Coral Tissue Loss Disease and Its Suspected Sources of Transmission,Rosales S.M.,Frontiers in Microbiology,,11,,2020-04-23,23 April 2020,10.3389/fmicb.2020.00681,,47,"[{'@_fa': 'true', 'affilname': 'NOAA Atlantic Oceanographic and Meteorological Laboratory', 'affiliation-city': 'Miami', 'affiliation-country': 'United States'}, {'@_fa': 'true', 'affilname': 'Rosenstiel School of Marine and Atmospheric Science', 'affiliation-city': 'Miami', 'affiliation-country': 'United States'}]",Journal,ar,Article,681,21100226442,1,True,"{'value': [{'$': 'all'}, {'$': 'publisherfullgold'}, {'$': 'repository'}, {'$': 'repositoryvor'}]}","{'value': [{'$': 'All Open Access'}, {'$': 'Gold'}, {'$': 'Green'}]}",1664302X,,,
41,true,"{'self': 'https://api.elsevier.com/content/abstract/scopus_id/85086144059', 'author-affiliation': 'https://api.elsevier.com/content/abstract/scopus_id/85086144059?field=author,affiliation', 'scopus': 'https://www.scopus.com/inward/record.uri?partnerID=HzOxMe3b&scp=85086144059&origin=inward', 'scopus-citedby': 'https://www.scopus.com/inward/citedby.uri?partnerID=HzOxMe3b&scp=85086144059&origin=inward'}",https://api.elsevier.com/content/abstract/scopus_id/85086144059,SCOPUS_ID:85086144059,2-s2.0-85086144059,Experience: Advanced network operations in (Un)-connected remote communities,Perino D.,"Proceedings of the Annual International Conference on Mobile Computing and Networking, MOBICOM",,,204-213,2020-04-16,16 April 2020,10.1145/3372224.3380893,,1,"[{'@_fa': 'true', 'affilname': 'Telefonica', 'affiliation-city': 'Madrid', 'affiliation-country': 'Spain'}]",Conference Proceeding,cp,Conference Paper,,21100994451,0,False,,,,,,"[{'@_fa': 'true', '$': '9781450370851'}]"
42,true,"{'self': 'https://api.elsevier.com/content/abstract/scopus_id/85083114372', 'author-affiliation': 'https://api.elsevier.com/content/abstract/scopus_id/85083114372?field=author,affiliation', 'scopus': 'https://www.scopus.com/inward/record.uri?partnerID=HzOxMe3b&scp=85083114372&origin=inward', 'scopus-citedby': 'https://www.scopus.com/inward/citedby.uri?partnerID=HzOxMe3b&scp=85083114372&origin=inward'}",https://api.elsevier.com/content/abstract/scopus_id/85083114372,SCOPUS_ID:85083114372,2-s2.0-85083114372,Getting Its Feet on the Ground: Elucidating Paralouatta’s Semi-Terrestriality Using the Virtual Morpho-Functional Toolbox,Püschel T.A.,Frontiers in Earth Science,,8,,2020-03-25,25 March 2020,10.3389/feart.2020.00079,,0,"[{'@_fa': 'true', 'affilname': 'University of Oxford', 'affiliation-city': 'Oxford', 'affiliation-country': 'United Kingdom'}]",Journal,ar,Article,79,21100782253,1,True,"{'value': [{'$': 'all'}, {'$': 'publisherfullgold'}, {'$': 'repository'}, {'$': 'repositoryvor'}]}","{'value': [{'$': 'All Open Access'}, {'$': 'Gold'}, {'$': 'Green'}]}",22966463,,,
43,true,"{'self': 'https://api.elsevier.com/content/abstract/scopus_id/85079465946', 'author-affiliation': 'https://api.elsevier.com/content/abstract/scopus_id/85079465946?field=author,affiliation', 'scopus': 'https://www.scopus.com/inward/record.uri?partnerID=HzOxMe3b&scp=85079465946&origin=inward', 'scopus-citedby': 'https://www.scopus.com/inward/citedby.uri?partnerID=HzOxMe3b&scp=85079465946&origin=inward'}",https://api.elsevier.com/content/abstract/scopus_id/85079465946,SCOPUS_ID:85079465946,2-s2.0-85079465946,The integration of automation and artificial intelligence into the logistics sector: A Caribbean perspective,Foster M.N.,Worldwide Hospitality and Tourism Themes,17554217,12,56-68,2020-03-02,2 Mar 2020,10.1108/WHATT-10-2019-0070,,3,"[{'@_fa': 'true', 'affilname': 'Caribbean Maritime University', 'affiliation-city': 'Kingston', 'affiliation-country': 'Jamaica'}]",Journal,ar,Article,,21100262313,0,False,,,17554225,1,,
44,true,"{'self': 'https://api.elsevier.com/content/abstract/scopus_id/85079899493', 'author-affiliation': 'https://api.elsevier.com/content/abstract/scopus_id/85079899493?field=author,affiliation', 'scopus': 'https://www.scopus.com/inward/record.uri?partnerID=HzOxMe3b&scp=85079899493&origin=inward', 'scopus-citedby': 'https://www.scopus.com/inward/citedby.uri?partnerID=HzOxMe3b&scp=85079899493&origin=inward'}",https://api.elsevier.com/content/abstract/scopus_id/85079899493,SCOPUS_ID:85079899493,2-s2.0-85079899493,A trillion coral reef colors: Deeply annotated underwater hyperspectral images for automated classification and habitat mapping,Rashid A.R.,Data,,5,,2020-03-01,March 2020,10.3390/data5010019,,5,"[{'@_fa': 'true', 'affilname': 'Max Planck In\xadsti\xadtute for Mar\xadine Mi\xadcro\xadbi\xado\xadlogy', 'affiliation-city': 'Bremen', 'affiliation-country': 'Germany'}]",Journal,ar,Article,19,21100924372,1,True,"{'value': [{'$': 'all'}, {'$': 'publisherfullgold'}, {'$': 'repository'}, {'$': 'repositoryvor'}]}","{'value': [{'$': 'All Open Access'}, {'$': 'Gold'}, {'$': 'Green'}]}",23065729,1,,
45,true,"{'self': 'https://api.elsevier.com/content/abstract/scopus_id/85097883329', 'author-affiliation': 'https://api.elsevier.com/content/abstract/scopus_id/85097883329?field=author,affiliation', 'scopus': 'https://www.scopus.com/inward/record.uri?partnerID=HzOxMe3b&scp=85097883329&origin=inward', 'scopus-citedby': 'https://www.scopus.com/inward/citedby.uri?partnerID=HzOxMe3b&scp=85097883329&origin=inward'}",https://api.elsevier.com/content/abstract/scopus_id/85097883329,SCOPUS_ID:85097883329,2-s2.0-85097883329,Clustering sargassum mats from earth observation data,Glize E.,CEUR Workshop Proceedings,16130073,2766,,2020-01-01,2020,,,0,"[{'@_fa': 'true', 'affilname': 'Université Fédérale Toulouse Midi-Pyrénées', 'affiliation-city': 'Toulouse', 'affiliation-country': 'France'}]",Conference Proceeding,cp,Conference Paper,,21100218356,0,False,,,,,,
46,true,"{'self': 'https://api.elsevier.com/content/abstract/scopus_id/85097844996', 'author-affiliation': 'https://api.elsevier.com/content/abstract/scopus_id/85097844996?field=author,affiliation', 'scopus': 'https://www.scopus.com/inward/record.uri?partnerID=HzOxMe3b&scp=85097844996&origin=inward', 'scopus-citedby': 'https://www.scopus.com/inward/citedby.uri?partnerID=HzOxMe3b&scp=85097844996&origin=inward'}",https://api.elsevier.com/content/abstract/scopus_id/85097844996,SCOPUS_ID:85097844996,2-s2.0-85097844996,Cultural challenges of the malicious use of artificial intelligence in Latin American regional balance,Batista R.,"Proceedings of the European Conference on the Impact of Artificial Intelligence and Robotics, ECIAIR 2020",,,7-13,2020-01-01,2020,10.34190/EAIR.20.029,,0,"[{'@_fa': 'true', 'affilname': 'Universidad de las Ciencias Informáticas, Cuba', 'affiliation-city': 'Havana', 'affiliation-country': 'Cuba'}]",Conference Proceeding,cp,Conference Paper,,21101030819,0,False,,,,,,"[{'@_fa': 'true', '$': '9781912764747'}]"
47,true,"{'self': 'https://api.elsevier.com/content/abstract/scopus_id/85077817730', 'author-affiliation': 'https://api.elsevier.com/content/abstract/scopus_id/85077817730?field=author,affiliation', 'scopus': 'https://www.scopus.com/inward/record.uri?partnerID=HzOxMe3b&scp=85077817730&origin=inward', 'scopus-citedby': 'https://www.scopus.com/inward/citedby.uri?partnerID=HzOxMe3b&scp=85077817730&origin=inward'}",https://api.elsevier.com/content/abstract/scopus_id/85077817730,SCOPUS_ID:85077817730,2-s2.0-85077817730,Designing a Program on Data Science while supporting Faculty Capacity Building in Latin America,Salazar-Gomez A.F.,"SEFI 47th Annual Conference: Varietas Delectat... Complexity is the New Normality, Proceedings",,,944-952,2020-01-01,2020,,,0,"[{'@_fa': 'true', 'affilname': 'Massachusetts Institute of Technology', 'affiliation-city': 'Cambridge', 'affiliation-country': 'United States'}]",Conference Proceeding,cp,Conference Paper,,21100941906,0,False,,,,,,"[{'@_fa': 'true', '$': '9782873520182'}]"
48,true,"{'self': 'https://api.elsevier.com/content/abstract/scopus_id/85067698851', 'author-affiliation': 'https://api.elsevier.com/content/abstract/scopus_id/85067698851?field=author,affiliation', 'scopus': 'https://www.scopus.com/inward/record.uri?partnerID=HzOxMe3b&scp=85067698851&origin=inward', 'scopus-citedby': 'https://www.scopus.com/inward/citedby.uri?partnerID=HzOxMe3b&scp=85067698851&origin=inward'}",https://api.elsevier.com/content/abstract/scopus_id/85067698851,SCOPUS_ID:85067698851,2-s2.0-85067698851,Academic Quality Management System Audit Using Artificial Intelligence Techniques,Bojorque R.,Advances in Intelligent Systems and Computing,21945357,965,275-283,2020-01-01,2020,10.1007/978-3-030-20454-9_28,,3,"[{'@_fa': 'true', 'affilname': 'Universidad Politécnica Salesiana, Cuenca', 'affiliation-city': 'Cuenca', 'affiliation-country': 'Ecuador'}]",Book Series,cp,Conference Paper,,5100152904,0,False,,,21945365,,,"[{'@_fa': 'true', '$': '9783030204532'}]"
49,true,"{'self': 'https://api.elsevier.com/content/abstract/scopus_id/85076583475', 'author-affiliation': 'https://api.elsevier.com/content/abstract/scopus_id/85076583475?field=author,affiliation', 'scopus': 'https://www.scopus.com/inward/record.uri?partnerID=HzOxMe3b&scp=85076583475&origin=inward', 'scopus-citedby': 'https://www.scopus.com/inward/citedby.uri?partnerID=HzOxMe3b&scp=85076583475&origin=inward'}",https://api.elsevier.com/content/abstract/scopus_id/85076583475,SCOPUS_ID:85076583475,2-s2.0-85076583475,Assessing the field of health policy and systems research using symposium abstract submissions and machine learning techniques,MacArayan E.K.,Health Policy and Planning,02681080,34,721-731,2019-12-01,1 December 2019,10.1093/heapol/czz086,,2,"[{'@_fa': 'true', 'affilname': 'University of the Philippines Open University', 'affiliation-city': 'Laguna', 'affiliation-country': 'Philippines'}, {'@_fa': 'true', 'affilname': 'Harvard T.H. Chan School of Public Health', 'affiliation-city': 'Boston', 'affiliation-country': 'United States'}, {'@_fa': 'true', 'affilname': 'Health Systems Global', 'affiliation-city': 'Bern', 'affiliation-country': 'Switzerland'}]",Journal,ar,Article,,21308,0,False,"{'value': [{'$': 'all'}, {'$': 'repository'}, {'$': 'repositoryam'}]}","{'value': [{'$': 'All Open Access'}, {'$': 'Green'}]}",14602237,10,31550374,
50,true,"{'self': 'https://api.elsevier.com/content/abstract/scopus_id/85076611670', 'author-affiliation': 'https://api.elsevier.com/content/abstract/scopus_id/85076611670?field=author,affiliation', 'scopus': 'https://www.scopus.com/inward/record.uri?partnerID=HzOxMe3b&scp=85076611670&origin=inward', 'scopus-citedby': 'https://www.scopus.com/inward/citedby.uri?partnerID=HzOxMe3b&scp=85076611670&origin=inward'}",https://api.elsevier.com/content/abstract/scopus_id/85076611670,SCOPUS_ID:85076611670,2-s2.0-85076611670,Zika virus: Prediction of Aedes Mosquito Larvae Occurrence in Recife (Brazil) using online extreme learning machine and neural networks,Rubio-Solis A.,ACM International Conference Proceeding Series,,,101-110,2019-11-20,20 November 2019,10.1145/3357729.3357738,,5,"[{'@_fa': 'true', 'affilname': 'Centro de Ingenieria y Desarollo Industrial', 'affiliation-city': 'Queretaro', 'affiliation-country': 'Mexico'}]",Conference Proceeding,cp,Conference Paper,,11600154611,0,False,,,,,,"[{'@_fa': 'true', '$': '9781450372084'}]"
51,true,"{'self': 'https://api.elsevier.com/content/abstract/scopus_id/85077772827', 'author-affiliation': 'https://api.elsevier.com/content/abstract/scopus_id/85077772827?field=author,affiliation', 'scopus': 'https://www.scopus.com/inward/record.uri?partnerID=HzOxMe3b&scp=85077772827&origin=inward', 'scopus-citedby': 'https://www.scopus.com/inward/citedby.uri?partnerID=HzOxMe3b&scp=85077772827&origin=inward'}",https://api.elsevier.com/content/abstract/scopus_id/85077772827,SCOPUS_ID:85077772827,2-s2.0-85077772827,Government AI Readiness Meta-Analysis for Latin America and the Caribbean,Montoya L.,"International Symposium on Technology and Society, Proceedings",,2019-November,,2019-11-01,November 2019,10.1109/ISTAS48451.2019.8937869,,5,"[{'@_fa': 'true', 'affilname': 'Accel AI Institute', 'affiliation-city': 'San Francisco', 'affiliation-country': 'United States'}]",Conference Proceeding,cp,Conference Paper,8937869,21100941745,0,False,,,,,,"[{'@_fa': 'true', '$': '9781728154800'}]"
52,true,"{'self': 'https://api.elsevier.com/content/abstract/scopus_id/85077216582', 'author-affiliation': 'https://api.elsevier.com/content/abstract/scopus_id/85077216582?field=author,affiliation', 'scopus': 'https://www.scopus.com/inward/record.uri?partnerID=HzOxMe3b&scp=85077216582&origin=inward', 'scopus-citedby': 'https://www.scopus.com/inward/citedby.uri?partnerID=HzOxMe3b&scp=85077216582&origin=inward'}",https://api.elsevier.com/content/abstract/scopus_id/85077216582,SCOPUS_ID:85077216582,2-s2.0-85077216582,Proposal of a computer system for vocational guidance with data mining,Jimenez-Raygoza L.I.,"2019 IEEE International Conference on Engineering Veracruz, ICEV 2019",,,,2019-10-01,October 2019,10.1109/ICEV.2019.8920523,,0,,Conference Proceeding,cp,Conference Paper,8920523,21100962506,0,False,,,,,,"[{'@_fa': 'true', '$': '9781728133041'}]"
53,true,"{'self': 'https://api.elsevier.com/content/abstract/scopus_id/85077812236', 'author-affiliation': 'https://api.elsevier.com/content/abstract/scopus_id/85077812236?field=author,affiliation', 'scopus': 'https://www.scopus.com/inward/record.uri?partnerID=HzOxMe3b&scp=85077812236&origin=inward', 'scopus-citedby': 'https://www.scopus.com/inward/citedby.uri?partnerID=HzOxMe3b&scp=85077812236&origin=inward'}",https://api.elsevier.com/content/abstract/scopus_id/85077812236,SCOPUS_ID:85077812236,2-s2.0-85077812236,Mobility and integration of public transport systems in Latin America,Toro E.E.M.,ACM International Conference Proceeding Series,,,58-62,2019-09-18,18 September 2019,10.1145/3366750.3366760,,3,"[{'@_fa': 'true', 'affilname': 'Universidad Paraguayo Alemana', 'affiliation-city': 'San Lorenzo', 'affiliation-country': 'Paraguay'}]",Conference Proceeding,cp,Conference Paper,,11600154611,0,False,,,,,,"[{'@_fa': 'true', '$': '9781450372480'}]"
54,true,"{'self': 'https://api.elsevier.com/content/abstract/scopus_id/85073543166', 'author-affiliation': 'https://api.elsevier.com/content/abstract/scopus_id/85073543166?field=author,affiliation', 'scopus': 'https://www.scopus.com/inward/record.uri?partnerID=HzOxMe3b&scp=85073543166&origin=inward', 'scopus-citedby': 'https://www.scopus.com/inward/citedby.uri?partnerID=HzOxMe3b&scp=85073543166&origin=inward'}",https://api.elsevier.com/content/abstract/scopus_id/85073543166,SCOPUS_ID:85073543166,2-s2.0-85073543166,Optimal data-driven control of embedded micro-grids in developing countries,Tao Z.,"1st International Conference on Industrial Artificial Intelligence, IAI 2019",,,,2019-07-01,July 2019,10.1109/ICIAI.2019.8850810,,0,"[{'@_fa': 'true', 'affilname': 'KU Leuven', 'affiliation-city': '3000 Leuven', 'affiliation-country': 'Belgium'}]",Conference Proceeding,cp,Conference Paper,8850810,21100932706,0,False,,,,,,"[{'@_fa': 'true', '$': '9781728135939'}]"
55,true,"{'self': 'https://api.elsevier.com/content/abstract/scopus_id/85068616774', 'author-affiliation': 'https://api.elsevier.com/content/abstract/scopus_id/85068616774?field=author,affiliation', 'scopus': 'https://www.scopus.com/inward/record.uri?partnerID=HzOxMe3b&scp=85068616774&origin=inward', 'scopus-citedby': 'https://www.scopus.com/inward/citedby.uri?partnerID=HzOxMe3b&scp=85068616774&origin=inward'}",https://api.elsevier.com/content/abstract/scopus_id/85068616774,SCOPUS_ID:85068616774,2-s2.0-85068616774,Towards a smart sustainable city roadmap,Pereira G.V.,ACM International Conference Proceeding Series,,,527-528,2019-06-18,18 June 2019,10.1145/3325112.3325274,,4,"[{'@_fa': 'true', 'affilname': 'Donau-Universitat Krems', 'affiliation-city': 'Krems an der Donau', 'affiliation-country': 'Austria'}]",Conference Proceeding,cp,Conference Paper,,11600154611,0,False,"{'value': [{'$': 'all'}, {'$': 'repository'}, {'$': 'repositoryvor'}]}","{'value': [{'$': 'All Open Access'}, {'$': 'Green'}]}",,,,"[{'@_fa': 'true', '$': '9781450372046'}]"
56,true,"{'self': 'https://api.elsevier.com/content/abstract/scopus_id/85111587509', 'author-affiliation': 'https://api.elsevier.com/content/abstract/scopus_id/85111587509?field=author,affiliation', 'scopus': 'https://www.scopus.com/inward/record.uri?partnerID=HzOxMe3b&scp=85111587509&origin=inward', 'scopus-citedby': 'https://www.scopus.com/inward/citedby.uri?partnerID=HzOxMe3b&scp=85111587509&origin=inward'}",https://api.elsevier.com/content/abstract/scopus_id/85111587509,SCOPUS_ID:85111587509,2-s2.0-85111587509,Towards equitable access to information and opportunity for all: Mapping schools with high-resolution satellite imagery and machine learning,Yi Z.F.,IEEE Computer Society Conference on Computer Vision and Pattern Recognition Workshops,21607508,2019-June,60-66,2019-06-01,June 2019,,,1,"[{'@_fa': 'true', 'affilname': 'Development Seed', 'affiliation-city': None, 'affiliation-country': None}]",Conference Proceeding,cp,Conference Paper,,20100195041,0,False,,,21607516,,,"[{'@_fa': 'true', '$': '9781728125060'}]"
57,true,"{'self': 'https://api.elsevier.com/content/abstract/scopus_id/85068391764', 'author-affiliation': 'https://api.elsevier.com/content/abstract/scopus_id/85068391764?field=author,affiliation', 'scopus': 'https://www.scopus.com/inward/record.uri?partnerID=HzOxMe3b&scp=85068391764&origin=inward', 'scopus-citedby': 'https://www.scopus.com/inward/citedby.uri?partnerID=HzOxMe3b&scp=85068391764&origin=inward'}",https://api.elsevier.com/content/abstract/scopus_id/85068391764,SCOPUS_ID:85068391764,2-s2.0-85068391764,A fuzzy cognitive map (FCM) as a learning model for early prognosis of seasonal related virus diseases in tropical regions,Pelaez E.,"2019 6th International Conference on eDemocracy and eGovernment, ICEDEG 2019",,,150-156,2019-04-01,April 2019,10.1109/ICEDEG.2019.8734354,,1,"[{'@_fa': 'true', 'affilname': 'Escuela Superior Politecnica del Litoral Ecuador', 'affiliation-city': 'Guayaquil', 'affiliation-country': 'Ecuador'}]",Conference Proceeding,cp,Conference Paper,8734354,21100914872,0,False,,,,,,"[{'@_fa': 'true', '$': '9781728117041'}]"
58,true,"{'self': 'https://api.elsevier.com/content/abstract/scopus_id/85059467128', 'author-affiliation': 'https://api.elsevier.com/content/abstract/scopus_id/85059467128?field=author,affiliation', 'scopus': 'https://www.scopus.com/inward/record.uri?partnerID=HzOxMe3b&scp=85059467128&origin=inward', 'scopus-citedby': 'https://www.scopus.com/inward/citedby.uri?partnerID=HzOxMe3b&scp=85059467128&origin=inward'}",https://api.elsevier.com/content/abstract/scopus_id/85059467128,SCOPUS_ID:85059467128,2-s2.0-85059467128,Smart industry and the pathways to HRM 4.0: implications for SCM,Liboni L.B.,Supply Chain Management,13598546,24,124-146,2019-03-04,4 Mar 2019,10.1108/SCM-03-2018-0150,,96,"[{'@_fa': 'true', 'affilname': 'Universidade de São Paulo', 'affiliation-city': 'Sao Paulo', 'affiliation-country': 'Brazil'}]",Journal,re,Review,,23644,0,False,,,,1,,
59,true,"{'self': 'https://api.elsevier.com/content/abstract/scopus_id/85101226047', 'author-affiliation': 'https://api.elsevier.com/content/abstract/scopus_id/85101226047?field=author,affiliation', 'scopus': 'https://www.scopus.com/inward/record.uri?partnerID=HzOxMe3b&scp=85101226047&origin=inward', 'scopus-citedby': 'https://www.scopus.com/inward/citedby.uri?partnerID=HzOxMe3b&scp=85101226047&origin=inward'}",https://api.elsevier.com/content/abstract/scopus_id/85101226047,SCOPUS_ID:85101226047,2-s2.0-85101226047,Regulating emerging technologies: Opportunities and challenges for Latin America,Stankovic M.,Proceedings of Science,,372,,2019-01-01,2019,,,0,"[{'@_fa': 'true', 'affilname': 'The University of North Carolina at Chapel Hill', 'affiliation-city': 'Chapel Hill', 'affiliation-country': 'United States'}]",Conference Proceeding,cp,Conference Paper,015,21100253049,0,False,,,18248039,,,
60,true,"{'self': 'https://api.elsevier.com/content/abstract/scopus_id/85101197526', 'author-affiliation': 'https://api.elsevier.com/content/abstract/scopus_id/85101197526?field=author,affiliation', 'scopus': 'https://www.scopus.com/inward/record.uri?partnerID=HzOxMe3b&scp=85101197526&origin=inward', 'scopus-citedby': 'https://www.scopus.com/inward/citedby.uri?partnerID=HzOxMe3b&scp=85101197526&origin=inward'}",https://api.elsevier.com/content/abstract/scopus_id/85101197526,SCOPUS_ID:85101197526,2-s2.0-85101197526,"Artificial Intelligence for Science, Industry and Society, AISIS 2019",,Proceedings of Science,,372,,2019-01-01,2019,,,0,,Conference Proceeding,cr,Conference Review,,21100253049,0,False,,,18248039,,,
61,true,"{'self': 'https://api.elsevier.com/content/abstract/scopus_id/85081108614', 'author-affiliation': 'https://api.elsevier.com/content/abstract/scopus_id/85081108614?field=author,affiliation', 'scopus': 'https://www.scopus.com/inward/record.uri?partnerID=HzOxMe3b&scp=85081108614&origin=inward', 'scopus-citedby': 'https://www.scopus.com/inward/citedby.uri?partnerID=HzOxMe3b&scp=85081108614&origin=inward'}",https://api.elsevier.com/content/abstract/scopus_id/85081108614,SCOPUS_ID:85081108614,2-s2.0-85081108614,Artificial intelligence in tourism software solutions: Opportunities and challenges until 2024,Helgemeir T.,"Managing Technology for Inclusive and Sustainable Growth - 28th International Conference for the International Association of Management of Technology, IAMOT 2019",,,134-142,2019-01-01,2019,,,0,"[{'@_fa': 'true', 'affilname': 'Pontificia Universidad Catolica del Peru', 'affiliation-city': 'Lima', 'affiliation-country': 'Peru'}]",Conference Proceeding,cp,Conference Paper,,21100987455,0,False,,,,,,"[{'@_fa': 'true', '$': '9789388237543'}]"
62,true,"{'self': 'https://api.elsevier.com/content/abstract/scopus_id/85053104120', 'author-affiliation': 'https://api.elsevier.com/content/abstract/scopus_id/85053104120?field=author,affiliation', 'scopus': 'https://www.scopus.com/inward/record.uri?partnerID=HzOxMe3b&scp=85053104120&origin=inward', 'scopus-citedby': 'https://www.scopus.com/inward/citedby.uri?partnerID=HzOxMe3b&scp=85053104120&origin=inward'}",https://api.elsevier.com/content/abstract/scopus_id/85053104120,SCOPUS_ID:85053104120,2-s2.0-85053104120,Seabird trophic position across three ocean regions tracks ecosystem differences,Gagné T.,Frontiers in Marine Science,,5,,2018-09-07,7 September 2018,10.3389/fmars.2018.00317,,10,"[{'@_fa': 'true', 'affilname': 'Monterey Bay Aquarium', 'affiliation-city': 'Monterey', 'affiliation-country': 'United States'}]",Journal,ar,Article,317,21100790929,1,True,"{'value': [{'$': 'all'}, {'$': 'publisherfullgold'}, {'$': 'repository'}, {'$': 'repositoryam'}]}","{'value': [{'$': 'All Open Access'}, {'$': 'Gold'}, {'$': 'Green'}]}",22967745,SEP,,
63,true,"{'self': 'https://api.elsevier.com/content/abstract/scopus_id/85048390354', 'author-affiliation': 'https://api.elsevier.com/content/abstract/scopus_id/85048390354?field=author,affiliation', 'scopus': 'https://www.scopus.com/inward/record.uri?partnerID=HzOxMe3b&scp=85048390354&origin=inward', 'scopus-citedby': 'https://www.scopus.com/inward/citedby.uri?partnerID=HzOxMe3b&scp=85048390354&origin=inward'}",https://api.elsevier.com/content/abstract/scopus_id/85048390354,SCOPUS_ID:85048390354,2-s2.0-85048390354,Roots in society: Attachment between citizens and party systems in latin america,Seawright J.,"Party Systems in Latin America: Institutionalization, Decay, and Collapse",,,380-407,2018-01-01,1 January 2018,10.1017/9781316798553.014,,1,"[{'@_fa': 'true', 'affilname': 'Northwestern University', 'affiliation-city': 'Evanston', 'affiliation-country': 'United States'}]",Book,ch,Book Chapter,,21100864080,0,False,,,,,,"[{'@_fa': 'true', '$': '9781316798553'}, {'@_fa': 'true', '$': '9781107175525'}]"
64,true,"{'self': 'https://api.elsevier.com/content/abstract/scopus_id/85044263537', 'author-affiliation': 'https://api.elsevier.com/content/abstract/scopus_id/85044263537?field=author,affiliation', 'scopus': 'https://www.scopus.com/inward/record.uri?partnerID=HzOxMe3b&scp=85044263537&origin=inward', 'scopus-citedby': 'https://www.scopus.com/inward/citedby.uri?partnerID=HzOxMe3b&scp=85044263537&origin=inward'}",https://api.elsevier.com/content/abstract/scopus_id/85044263537,SCOPUS_ID:85044263537,2-s2.0-85044263537,Artificial intelligence: Challenges and opportunities - Prometea: The first artificial intelligence of Latin America at the service of the Justice System,Corvalán J.,Revista de Investigacoes Constitucionais,,5,295-316,2018-01-01,January-April 2018,10.5380/rinc.v5i1.55334,,15,"[{'@_fa': 'true', 'affilname': 'Universidad de Buenos Aires', 'affiliation-city': 'Buenos Aires', 'affiliation-country': 'Argentina'}]",Journal,re,Review,,21100855986,1,True,"{'value': [{'$': 'all'}, {'$': 'publisherfullgold'}, {'$': 'repository'}, {'$': 'repositoryam'}]}","{'value': [{'$': 'All Open Access'}, {'$': 'Gold'}, {'$': 'Green'}]}",23595639,1,,
65,true,"{'self': 'https://api.elsevier.com/content/abstract/scopus_id/85027685024', 'author-affiliation': 'https://api.elsevier.com/content/abstract/scopus_id/85027685024?field=author,affiliation', 'scopus': 'https://www.scopus.com/inward/record.uri?partnerID=HzOxMe3b&scp=85027685024&origin=inward', 'scopus-citedby': 'https://www.scopus.com/inward/citedby.uri?partnerID=HzOxMe3b&scp=85027685024&origin=inward'}",https://api.elsevier.com/content/abstract/scopus_id/85027685024,SCOPUS_ID:85027685024,2-s2.0-85027685024,Fire weather and likelihood: characterizing climate space for fire occurrence and extent in Puerto Rico,Van Beusekom A.E.,Climatic Change,01650009,146,117-131,2018-01-01,1 January 2018,10.1007/s10584-017-2045-6,,11,"[{'@_fa': 'true', 'affilname': 'USDA Forest Service International Institute of Tropical Forestry', 'affiliation-city': 'San Juan', 'affiliation-country': 'Puerto Rico'}]",Journal,ar,Article,,12177,0,False,,,15731480,1-2,,
66,true,"{'self': 'https://api.elsevier.com/content/abstract/scopus_id/85033360591', 'author-affiliation': 'https://api.elsevier.com/content/abstract/scopus_id/85033360591?field=author,affiliation', 'scopus': 'https://www.scopus.com/inward/record.uri?partnerID=HzOxMe3b&scp=85033360591&origin=inward', 'scopus-citedby': 'https://www.scopus.com/inward/citedby.uri?partnerID=HzOxMe3b&scp=85033360591&origin=inward'}",https://api.elsevier.com/content/abstract/scopus_id/85033360591,SCOPUS_ID:85033360591,2-s2.0-85033360591,Comparative Coastal Risk Index (CCRI): A multidisciplinary risk index for Latin America and the Caribbean,Calil J.,PLoS ONE,,12,,2017-11-01,November 2017,10.1371/journal.pone.0187011,,22,"[{'@_fa': 'true', 'affilname': 'Monterey Institute of International Studies', 'affiliation-city': 'Monterey', 'affiliation-country': 'United States'}]",Journal,ar,Article,e0187011,10600153309,1,True,"{'value': [{'$': 'all'}, {'$': 'publisherfullgold'}, {'$': 'repository'}, {'$': 'repositoryvor'}]}","{'value': [{'$': 'All Open Access'}, {'$': 'Gold'}, {'$': 'Green'}]}",19326203,11,29095841,
67,true,"{'self': 'https://api.elsevier.com/content/abstract/scopus_id/85029933908', 'author-affiliation': 'https://api.elsevier.com/content/abstract/scopus_id/85029933908?field=author,affiliation', 'scopus': 'https://www.scopus.com/inward/record.uri?partnerID=HzOxMe3b&scp=85029933908&origin=inward', 'scopus-citedby': 'https://www.scopus.com/inward/citedby.uri?partnerID=HzOxMe3b&scp=85029933908&origin=inward'}",https://api.elsevier.com/content/abstract/scopus_id/85029933908,SCOPUS_ID:85029933908,2-s2.0-85029933908,Coupling of pollination services and coffee suitability under climate change,Imbach P.,Proceedings of the National Academy of Sciences of the United States of America,00278424,114,10438-10442,2017-09-26,26 September 2017,10.1073/pnas.1617940114,,31,"[{'@_fa': 'true', 'affilname': 'CATIE - Centro Agronómico Tropical de Investigación y Enseñanza', 'affiliation-city': 'Turrialba', 'affiliation-country': 'Costa Rica'}, {'@_fa': 'true', 'affilname': 'Agriculture and Food Security (CCAFS), International Center for Tropical Agriculture (CIAT)', 'affiliation-city': 'Hanoi', 'affiliation-country': 'Viet Nam'}]",Journal,ar,Article,,21121,1,True,"{'value': [{'$': 'all'}, {'$': 'publisherfree2read'}, {'$': 'repository'}, {'$': 'repositoryvor'}]}","{'value': [{'$': 'All Open Access'}, {'$': 'Bronze'}, {'$': 'Green'}]}",10916490,39,28893985,
68,true,"{'self': 'https://api.elsevier.com/content/abstract/scopus_id/85018178528', 'author-affiliation': 'https://api.elsevier.com/content/abstract/scopus_id/85018178528?field=author,affiliation', 'scopus': 'https://www.scopus.com/inward/record.uri?partnerID=HzOxMe3b&scp=85018178528&origin=inward', 'scopus-citedby': 'https://www.scopus.com/inward/citedby.uri?partnerID=HzOxMe3b&scp=85018178528&origin=inward'}",https://api.elsevier.com/content/abstract/scopus_id/85018178528,SCOPUS_ID:85018178528,2-s2.0-85018178528,Fuzzy QCA applicability for a refined selection of drivers affecting IS adoption: The case for Ecuador. Fuzzy control &amp; decision making/support,Alcivar N.,"2016 IEEE Latin American Conference on Computational Intelligence, LA-CCI 2016 - Proceedings",,,,2017-03-23,23 March 2017,10.1109/LA-CCI.2016.7885695,,2,"[{'@_fa': 'true', 'affilname': 'Escuela Superior Politecnica del Litoral Ecuador', 'affiliation-city': 'Guayaquil', 'affiliation-country': 'Ecuador'}, {'@_fa': 'true', 'affilname': 'Griffith University', 'affiliation-city': 'Brisbane', 'affiliation-country': 'Australia'}]",Conference Proceeding,cp,Conference Paper,7885695,21100809797,0,False,,,,,,"[{'@_fa': 'true', '$': '9781509051052'}]"
69,true,"{'self': 'https://api.elsevier.com/content/abstract/scopus_id/85029427516', 'author-affiliation': 'https://api.elsevier.com/content/abstract/scopus_id/85029427516?field=author,affiliation', 'scopus': 'https://www.scopus.com/inward/record.uri?partnerID=HzOxMe3b&scp=85029427516&origin=inward', 'scopus-citedby': 'https://www.scopus.com/inward/citedby.uri?partnerID=HzOxMe3b&scp=85029427516&origin=inward'}",https://api.elsevier.com/content/abstract/scopus_id/85029427516,SCOPUS_ID:85029427516,2-s2.0-85029427516,Neural network system to forecast the soybean exportation on Brazilian port of Santos,Abraham E.,IFIP Advances in Information and Communication Technology,18684238,514,83-90,2017-01-01,2017,10.1007/978-3-319-66926-7_10,,3,"[{'@_fa': 'true', 'affilname': 'Universidade Paulista', 'affiliation-city': 'Sao Paulo', 'affiliation-country': 'Brazil'}, {'@_fa': 'true', 'affilname': 'Metodista University', 'affiliation-city': 'Sao Bernardo do Campo', 'affiliation-country': 'Brazil'}]",Book Series,cp,Conference Paper,,19400157163,0,False,"{'value': [{'$': 'all'}, {'$': 'repository'}, {'$': 'repositoryvor'}]}","{'value': [{'$': 'All Open Access'}, {'$': 'Green'}]}",,,,"[{'@_fa': 'true', '$': '9783319669250'}]"
70,true,"{'self': 'https://api.elsevier.com/content/abstract/scopus_id/84981275515', 'author-affiliation': 'https://api.elsevier.com/content/abstract/scopus_id/84981275515?field=author,affiliation', 'scopus': 'https://www.scopus.com/inward/record.uri?partnerID=HzOxMe3b&scp=84981275515&origin=inward', 'scopus-citedby': 'https://www.scopus.com/inward/citedby.uri?partnerID=HzOxMe3b&scp=84981275515&origin=inward'}",https://api.elsevier.com/content/abstract/scopus_id/84981275515,SCOPUS_ID:84981275515,2-s2.0-84981275515,Virtual screening techniques to probe the antimalarial activity of some traditionally used phytochemicals,Shibi I.,Combinatorial Chemistry and High Throughput Screening,13862073,19,572-591,2016-01-08,8 January 2016,10.2174/1386207319666160420,,5,"[{'@_fa': 'true', 'affilname': 'Sree Narayana College', 'affiliation-city': 'Thiruvananthapuram', 'affiliation-country': 'India'}]",Journal,ar,Article,,23453,0,False,,,18755402,7,27095535,
71,true,"{'self': 'https://api.elsevier.com/content/abstract/scopus_id/85015731353', 'author-affiliation': 'https://api.elsevier.com/content/abstract/scopus_id/85015731353?field=author,affiliation', 'scopus': 'https://www.scopus.com/inward/record.uri?partnerID=HzOxMe3b&scp=85015731353&origin=inward', 'scopus-citedby': 'https://www.scopus.com/inward/citedby.uri?partnerID=HzOxMe3b&scp=85015731353&origin=inward'}",https://api.elsevier.com/content/abstract/scopus_id/85015731353,SCOPUS_ID:85015731353,2-s2.0-85015731353,A study on the sub-regionalization of Humanitarian Supply Chain: The IFRC case,Salvadó L.L.,Proceedings of the International ISCRAM Conference,,,,2016-01-01,2016,,,4,"[{'@_fa': 'true', 'affilname': 'IMT Mines Albi', 'affiliation-city': 'Albi', 'affiliation-country': 'France'}]",Conference Proceeding,cp,Conference Paper,,21100802691,0,False,,,24113387,,,"[{'@_fa': 'true', '$': '9788460879848'}]"
72,true,"{'self': 'https://api.elsevier.com/content/abstract/scopus_id/84879986594', 'author-affiliation': 'https://api.elsevier.com/content/abstract/scopus_id/84879986594?field=author,affiliation', 'scopus': 'https://www.scopus.com/inward/record.uri?partnerID=HzOxMe3b&scp=84879986594&origin=inward', 'scopus-citedby': 'https://www.scopus.com/inward/citedby.uri?partnerID=HzOxMe3b&scp=84879986594&origin=inward'}",https://api.elsevier.com/content/abstract/scopus_id/84879986594,SCOPUS_ID:84879986594,2-s2.0-84879986594,Closing the skill gaps and labor shortages: A priority for mining companies and the chilean government,Araneda H.,"26th International Mineral Processing Congress, IMPC 2012: Innovative Processing for Sustainable Growth - Conference Proceedings",,,6305-6314,2012-12-01,2012,,,0,,Conference Proceeding,cp,Conference Paper,,21100244844,0,False,,,,,,"[{'@_fa': 'true', '$': '8190171437'}, {'@_fa': 'true', '$': '9788190171434'}]"
73,true,"{'self': 'https://api.elsevier.com/content/abstract/scopus_id/84863624879', 'author-affiliation': 'https://api.elsevier.com/content/abstract/scopus_id/84863624879?field=author,affiliation', 'scopus': 'https://www.scopus.com/inward/record.uri?partnerID=HzOxMe3b&scp=84863624879&origin=inward', 'scopus-citedby': 'https://www.scopus.com/inward/citedby.uri?partnerID=HzOxMe3b&scp=84863624879&origin=inward'}",https://api.elsevier.com/content/abstract/scopus_id/84863624879,SCOPUS_ID:84863624879,2-s2.0-84863624879,A decision support methodology for increasing school efficiency in Bolivia's low-income communities,de Figueiredo J.N.,International Transactions in Operational Research,09696016,19,99-121,2012-01-01,January 2012,10.1111/j.1475-3995.2011.00821.x,,9,"[{'@_fa': 'true', 'affilname': ""Saint Joseph's University, United States"", 'affiliation-city': 'Philadelphia', 'affiliation-country': 'United States'}]",Journal,ar,Article,,9700153238,0,False,,,14753995,1-2,,
74,true,"{'self': 'https://api.elsevier.com/content/abstract/scopus_id/84856084223', 'author-affiliation': 'https://api.elsevier.com/content/abstract/scopus_id/84856084223?field=author,affiliation', 'scopus': 'https://www.scopus.com/inward/record.uri?partnerID=HzOxMe3b&scp=84856084223&origin=inward', 'scopus-citedby': 'https://www.scopus.com/inward/citedby.uri?partnerID=HzOxMe3b&scp=84856084223&origin=inward'}",https://api.elsevier.com/content/abstract/scopus_id/84856084223,SCOPUS_ID:84856084223,2-s2.0-84856084223,"Proceedings - 2011 10th Mexican International Conference on Artificial Intelligence: Advances in Artificial Intelligence and Applications, MICAI 2011 - Proceedings of Special Session",,"Proceedings - 2011 10th Mexican International Conference on Artificial Intelligence: Advances in Artificial Intelligence and Applications, MICAI 2011 - Proceedings of Special Session",,,,2011-12-01,2011,,,0,,Conference Proceeding,cr,Conference Review,,21100197314,0,False,,,,,,"[{'@_fa': 'true', '$': '9780769546056'}]"
75,true,"{'self': 'https://api.elsevier.com/content/abstract/scopus_id/79959318652', 'author-affiliation': 'https://api.elsevier.com/content/abstract/scopus_id/79959318652?field=author,affiliation', 'scopus': 'https://www.scopus.com/inward/record.uri?partnerID=HzOxMe3b&scp=79959318652&origin=inward', 'scopus-citedby': 'https://www.scopus.com/inward/citedby.uri?partnerID=HzOxMe3b&scp=79959318652&origin=inward'}",https://api.elsevier.com/content/abstract/scopus_id/79959318652,SCOPUS_ID:79959318652,2-s2.0-79959318652,Observations of collaboration in cognitive tutor use in latin america,Walker E.,Lecture Notes in Computer Science (including subseries Lecture Notes in Artificial Intelligence and Lecture Notes in Bioinformatics),03029743,6738 LNAI,575-577,2011-06-23,2011,10.1007/978-3-642-21869-9_106,,1,"[{'@_fa': 'true', 'affilname': 'Carnegie Mellon University', 'affiliation-city': 'Pittsburgh', 'affiliation-country': 'United States'}]",Book Series,cp,Conference Paper,,25674,0,False,,,16113349,,,"[{'@_fa': 'true', '$': '9783642218682'}]"
76,true,"{'self': 'https://api.elsevier.com/content/abstract/scopus_id/79957567961', 'author-affiliation': 'https://api.elsevier.com/content/abstract/scopus_id/79957567961?field=author,affiliation', 'scopus': 'https://www.scopus.com/inward/record.uri?partnerID=HzOxMe3b&scp=79957567961&origin=inward', 'scopus-citedby': 'https://www.scopus.com/inward/citedby.uri?partnerID=HzOxMe3b&scp=79957567961&origin=inward'}",https://api.elsevier.com/content/abstract/scopus_id/79957567961,SCOPUS_ID:79957567961,2-s2.0-79957567961,Multi-scale approach for predicting fish species distributions across coral reef seascapes,Pittman S.,PLoS ONE,,6,,2011-05-31,2011,10.1371/journal.pone.0020583,,161,"[{'@_fa': 'true', 'affilname': 'University of the Virgin Islands', 'affiliation-city': 'St. Croix', 'affiliation-country': 'Virgin Islands (U.S.)'}, {'@_fa': 'true', 'affilname': 'National Oceanic and Atmospheric Administration', 'affiliation-city': 'Washington, D.C.', 'affiliation-country': 'United States'}]",Journal,ar,Article,e20583,10600153309,1,True,"{'value': [{'$': 'all'}, {'$': 'publisherfullgold'}, {'$': 'repository'}, {'$': 'repositoryvor'}, {'$': 'repositoryam'}]}","{'value': [{'$': 'All Open Access'}, {'$': 'Gold'}, {'$': 'Green'}]}",19326203,5,21637787,
77,true,"{'self': 'https://api.elsevier.com/content/abstract/scopus_id/79151479371', 'author-affiliation': 'https://api.elsevier.com/content/abstract/scopus_id/79151479371?field=author,affiliation', 'scopus': 'https://www.scopus.com/inward/record.uri?partnerID=HzOxMe3b&scp=79151479371&origin=inward', 'scopus-citedby': 'https://www.scopus.com/inward/citedby.uri?partnerID=HzOxMe3b&scp=79151479371&origin=inward', 'full-text': 'https://api.elsevier.com/content/article/eid/1-s2.0-S0957417410011759'}",https://api.elsevier.com/content/abstract/scopus_id/79151479371,SCOPUS_ID:79151479371,2-s2.0-79151479371,Comparing machine learning classifiers in potential distribution modelling,Lorena A.C.,Expert Systems with Applications,09574174,38,5268-5275,2011-05-01,May 2011,10.1016/j.eswa.2010.10.031,S0957417410011759,90,"[{'@_fa': 'true', 'affilname': 'Universidade Federal do ABC', 'affiliation-city': 'Santo Andre', 'affiliation-country': 'Brazil'}]",Journal,ar,Article,,24201,1,True,"{'value': [{'$': 'all'}, {'$': 'publisherfree2read'}]}","{'value': [{'$': 'All Open Access'}, {'$': 'Bronze'}]}",,5,,
78,true,"{'self': 'https://api.elsevier.com/content/abstract/scopus_id/77958155680', 'author-affiliation': 'https://api.elsevier.com/content/abstract/scopus_id/77958155680?field=author,affiliation', 'scopus': 'https://www.scopus.com/inward/record.uri?partnerID=HzOxMe3b&scp=77958155680&origin=inward', 'scopus-citedby': 'https://www.scopus.com/inward/citedby.uri?partnerID=HzOxMe3b&scp=77958155680&origin=inward'}",https://api.elsevier.com/content/abstract/scopus_id/77958155680,SCOPUS_ID:77958155680,2-s2.0-77958155680,Regional methods for shallow landslide hazard evaluation: A comparison between Italy and Central America,Brambilla D.,WIT Transactions on Engineering Sciences,17433533,67,185-196,2010-10-28,2010,10.2495/DEB100161,,1,"[{'@_fa': 'true', 'affilname': 'Politecnico di Milano', 'affiliation-city': 'Milan', 'affiliation-country': 'Italy'}]",Conference Proceeding,cp,Conference Paper,,6000195382,1,True,"{'value': [{'$': 'all'}, {'$': 'publisherfree2read'}, {'$': 'repository'}, {'$': 'repositoryam'}]}","{'value': [{'$': 'All Open Access'}, {'$': 'Bronze'}, {'$': 'Green'}]}",,,,"[{'@_fa': 'true', '$': '9781845644420'}]"
79,true,"{'self': 'https://api.elsevier.com/content/abstract/scopus_id/84898023659', 'author-affiliation': 'https://api.elsevier.com/content/abstract/scopus_id/84898023659?field=author,affiliation', 'scopus': 'https://www.scopus.com/inward/record.uri?partnerID=HzOxMe3b&scp=84898023659&origin=inward', 'scopus-citedby': 'https://www.scopus.com/inward/citedby.uri?partnerID=HzOxMe3b&scp=84898023659&origin=inward'}",https://api.elsevier.com/content/abstract/scopus_id/84898023659,SCOPUS_ID:84898023659,2-s2.0-84898023659,The management and exchange of knowledge and innovation in environments of collaborating small and medium sized enterprises,Osanna P.,"Innovation and Knowledge Management in Twin Track Economies Challenges and Solutions - Proceedings of the 11th International Business Information Management Association Conference, IBIMA 2009",,1-3,1515-1525,2009-01-01,2009,,,1,"[{'@_fa': 'true', 'affilname': 'Technische Universität Wien', 'affiliation-city': 'Vienna', 'affiliation-country': 'Austria'}]",Conference Proceeding,cp,Conference Paper,,21100302206,0,False,,,,,,
80,true,"{'self': 'https://api.elsevier.com/content/abstract/scopus_id/84858331909', 'author-affiliation': 'https://api.elsevier.com/content/abstract/scopus_id/84858331909?field=author,affiliation', 'scopus': 'https://www.scopus.com/inward/record.uri?partnerID=HzOxMe3b&scp=84858331909&origin=inward', 'scopus-citedby': 'https://www.scopus.com/inward/citedby.uri?partnerID=HzOxMe3b&scp=84858331909&origin=inward'}",https://api.elsevier.com/content/abstract/scopus_id/84858331909,SCOPUS_ID:84858331909,2-s2.0-84858331909,Research activities in renewable energy sources integration with GIS at CIEMAT,Domínguez J.,"Proc. iEMSs 4th Biennial Meeting - Int. Congress on Environmental Modelling and Software: Integrating Sciences and Information Technology for Environmental Assessment and Decision Making, iEMSs 2008",,2,1247-1254,2008-12-01,2008,,,1,"[{'@_fa': 'true', 'affilname': 'Centro de Investigaciones Energeticas, Medioambientales y Tecnologicas', 'affiliation-city': 'Madrid', 'affiliation-country': 'Spain'}]",Conference Proceeding,cp,Conference Paper,,21100199301,0,False,,,,,,"[{'@_fa': 'true', '$': '9788476530740'}]"
81,true,"{'self': 'https://api.elsevier.com/content/abstract/scopus_id/43949096156', 'author-affiliation': 'https://api.elsevier.com/content/abstract/scopus_id/43949096156?field=author,affiliation', 'scopus': 'https://www.scopus.com/inward/record.uri?partnerID=HzOxMe3b&scp=43949096156&origin=inward', 'scopus-citedby': 'https://www.scopus.com/inward/citedby.uri?partnerID=HzOxMe3b&scp=43949096156&origin=inward', 'full-text': 'https://api.elsevier.com/content/article/eid/1-s2.0-S0034425708000862'}",https://api.elsevier.com/content/abstract/scopus_id/43949096156,SCOPUS_ID:43949096156,2-s2.0-43949096156,Delineation of climate regions using in-situ and remotely-sensed data for the Carolinas,Rhee J.,Remote Sensing of Environment,00344257,112,3099-3111,2008-06-16,16 June 2008,10.1016/j.rse.2008.03.001,S0034425708000862,36,"[{'@_fa': 'true', 'affilname': 'University of South Carolina', 'affiliation-city': 'Columbia', 'affiliation-country': 'United States'}]",Journal,ar,Article,,12503,0,False,,,,6,,
82,true,"{'self': 'https://api.elsevier.com/content/abstract/scopus_id/84938789507', 'author-affiliation': 'https://api.elsevier.com/content/abstract/scopus_id/84938789507?field=author,affiliation', 'scopus': 'https://www.scopus.com/inward/record.uri?partnerID=HzOxMe3b&scp=84938789507&origin=inward', 'scopus-citedby': 'https://www.scopus.com/inward/citedby.uri?partnerID=HzOxMe3b&scp=84938789507&origin=inward'}",https://api.elsevier.com/content/abstract/scopus_id/84938789507,SCOPUS_ID:84938789507,2-s2.0-84938789507,Learning about the influence of certain strategies and communication structures in the organizational effectiveness,Barros R.,"Proceedings of 36th European Society for Engineering Education, SEFI Conference on Quality Assessment, Employability and Innovation",,,,2008-01-01,2008,,,1,"[{'@_fa': 'true', 'affilname': 'Universidad de Los Andes, Colombia', 'affiliation-city': 'Bogota', 'affiliation-country': 'Colombia'}]",Conference Proceeding,cp,Conference Paper,,21100403295,0,False,,,,,,"[{'@_fa': 'true', '$': '9789087905712'}]"
83,true,"{'self': 'https://api.elsevier.com/content/abstract/scopus_id/84880012978', 'author-affiliation': 'https://api.elsevier.com/content/abstract/scopus_id/84880012978?field=author,affiliation', 'scopus': 'https://www.scopus.com/inward/record.uri?partnerID=HzOxMe3b&scp=84880012978&origin=inward', 'scopus-citedby': 'https://www.scopus.com/inward/citedby.uri?partnerID=HzOxMe3b&scp=84880012978&origin=inward'}",https://api.elsevier.com/content/abstract/scopus_id/84880012978,SCOPUS_ID:84880012978,2-s2.0-84880012978,Conservation design using the Protected Area Gap Decision Support System (PAGDSS),Schill S.,"Proceedings, 32nd International Symposium on Remote Sensing of Environment: Sustainable Development Through Global Earth Observations",,,,2007-12-01,2007,,,0,"[{'@_fa': 'true', 'affilname': 'Nature Conservancy', 'affiliation-city': 'Arlington', 'affiliation-country': 'United States'}]",Conference Proceeding,cp,Conference Paper,,21100244884,0,False,,,,,,
84,true,"{'self': 'https://api.elsevier.com/content/abstract/scopus_id/55749098340', 'author-affiliation': 'https://api.elsevier.com/content/abstract/scopus_id/55749098340?field=author,affiliation', 'scopus': 'https://www.scopus.com/inward/record.uri?partnerID=HzOxMe3b&scp=55749098340&origin=inward', 'scopus-citedby': 'https://www.scopus.com/inward/citedby.uri?partnerID=HzOxMe3b&scp=55749098340&origin=inward'}",https://api.elsevier.com/content/abstract/scopus_id/55749098340,SCOPUS_ID:55749098340,2-s2.0-55749098340,Decision support system for sustainable irrigation in Latin America,Billib M.,IAHS-AISH Publication,01447815,,18-24,2007-12-01,2007,,,1,"[{'@_fa': 'true', 'affilname': 'Gottfried Wilhelm Leibniz Universität Hannover', 'affiliation-city': 'Hannover', 'affiliation-country': 'Germany'}]",Conference Proceeding,cp,Conference Paper,,29490,0,False,,,,315,,"[{'@_fa': 'true', '$': '9781901502190'}]"
85,true,"{'self': 'https://api.elsevier.com/content/abstract/scopus_id/51349124867', 'author-affiliation': 'https://api.elsevier.com/content/abstract/scopus_id/51349124867?field=author,affiliation', 'scopus': 'https://www.scopus.com/inward/record.uri?partnerID=HzOxMe3b&scp=51349124867&origin=inward', 'scopus-citedby': 'https://www.scopus.com/inward/citedby.uri?partnerID=HzOxMe3b&scp=51349124867&origin=inward'}",https://api.elsevier.com/content/abstract/scopus_id/51349124867,SCOPUS_ID:51349124867,2-s2.0-51349124867,The integrated coral observing network: Sensor solutions for sensitive sites,Hendee J.C.,"Proceedings of the 2007 International Conference on Intelligent Sensors, Sensor Networks and Information Processing, ISSNIP",,,669-673,2007-12-01,2007,10.1109/ISSNIP.2007.4496923,,3,"[{'@_fa': 'true', 'affilname': 'NOAA Atlantic Oceanographic and Meteorological Laboratory', 'affiliation-city': 'Miami', 'affiliation-country': 'United States'}]",Conference Proceeding,cp,Conference Paper,4496923,12100156618,0,False,,,,,,"[{'@_fa': 'true', '$': '1424415020'}, {'@_fa': 'true', '$': '9781424415021'}]"
86,true,"{'self': 'https://api.elsevier.com/content/abstract/scopus_id/34248401566', 'author-affiliation': 'https://api.elsevier.com/content/abstract/scopus_id/34248401566?field=author,affiliation', 'scopus': 'https://www.scopus.com/inward/record.uri?partnerID=HzOxMe3b&scp=34248401566&origin=inward', 'scopus-citedby': 'https://www.scopus.com/inward/citedby.uri?partnerID=HzOxMe3b&scp=34248401566&origin=inward'}",https://api.elsevier.com/content/abstract/scopus_id/34248401566,SCOPUS_ID:34248401566,2-s2.0-34248401566,Chile chapter,Estévez P.,IEEE Computational Intelligence Magazine,1556603X,2,82-84,2007-05-01,May 2007,10.1109/MCI.2007.353429,,0,"[{'@_fa': 'true', 'affilname': 'Universidad de Chile', 'affiliation-city': 'Santiago', 'affiliation-country': 'Chile'}]",Journal,ar,Article,,4000148905,0,False,,,,2,,
87,true,"{'self': 'https://api.elsevier.com/content/abstract/scopus_id/33746532597', 'author-affiliation': 'https://api.elsevier.com/content/abstract/scopus_id/33746532597?field=author,affiliation', 'scopus': 'https://www.scopus.com/inward/record.uri?partnerID=HzOxMe3b&scp=33746532597&origin=inward', 'scopus-citedby': 'https://www.scopus.com/inward/citedby.uri?partnerID=HzOxMe3b&scp=33746532597&origin=inward'}",https://api.elsevier.com/content/abstract/scopus_id/33746532597,SCOPUS_ID:33746532597,2-s2.0-33746532597,Issues in bioethics: Ethics in health policy and guidelines in healthcare,Aarons D.,West Indian Medical Journal,00433144,55,113-119,2006-01-01,March 2006,10.1590/S0043-31442006000200010,,2,"[{'@_fa': 'true', 'affilname': 'The University of the West Indies', 'affiliation-city': 'Kingston', 'affiliation-country': 'Jamaica'}]",Journal,ar,Article,,20856,0,False,,,,2,16921706,
88,true,"{'self': 'https://api.elsevier.com/content/abstract/scopus_id/85128681436', 'author-affiliation': 'https://api.elsevier.com/content/abstract/scopus_id/85128681436?field=author,affiliation', 'scopus': 'https://www.scopus.com/inward/record.uri?partnerID=HzOxMe3b&scp=85128681436&origin=inward', 'scopus-citedby': 'https://www.scopus.com/inward/citedby.uri?partnerID=HzOxMe3b&scp=85128681436&origin=inward'}",https://api.elsevier.com/content/abstract/scopus_id/85128681436,SCOPUS_ID:85128681436,2-s2.0-85128681436,Digital Tools for Design Learning The case of a Caribbean Design PArchitectural Students.,Bailey R.,Proceedings of the International Conference on Education and Research in Computer Aided Architectural Design in Europe,26841843,,131-138,2005-01-01,2005,,,0,"[{'@_fa': 'true', 'affilname': 'University of Technology Kingston', 'affiliation-city': 'Kingston', 'affiliation-country': 'Jamaica'}]",Conference Proceeding,cp,Conference Paper,,21101075992,0,False,,,,,,
89,true,"{'self': 'https://api.elsevier.com/content/abstract/scopus_id/0033704871', 'author-affiliation': 'https://api.elsevier.com/content/abstract/scopus_id/0033704871?field=author,affiliation', 'scopus': 'https://www.scopus.com/inward/record.uri?partnerID=HzOxMe3b&scp=0033704871&origin=inward', 'scopus-citedby': 'https://www.scopus.com/inward/citedby.uri?partnerID=HzOxMe3b&scp=0033704871&origin=inward'}",https://api.elsevier.com/content/abstract/scopus_id/0033704871,SCOPUS_ID:0033704871,2-s2.0-0033704871,Architecture of an agent server capable of hosting tens of thousands of agents,Yamamoto G.,Proceedings of the International Conference on Autonomous Agents,,,70-71,2000-01-01,2000,10.1145/336595.337041,,5,"[{'@_fa': 'true', 'affilname': 'Global Foundries, Inc.', 'affiliation-city': 'Sunnyvale', 'affiliation-country': 'United States'}]",Conference Proceeding,cp,Conference Paper,,145636,0,False,,,,,,
90,true,"{'self': 'https://api.elsevier.com/content/abstract/scopus_id/0027017420', 'author-affiliation': 'https://api.elsevier.com/content/abstract/scopus_id/0027017420?field=author,affiliation', 'scopus': 'https://www.scopus.com/inward/record.uri?partnerID=HzOxMe3b&scp=0027017420&origin=inward', 'scopus-citedby': 'https://www.scopus.com/inward/citedby.uri?partnerID=HzOxMe3b&scp=0027017420&origin=inward'}",https://api.elsevier.com/content/abstract/scopus_id/0027017420,SCOPUS_ID:0027017420,2-s2.0-0027017420,Back to the future: ethnodevelopment among the Jalq'a of Bolivia.,Healy K.,Grassroots Development,07336608,16,22-34,1992-12-01,1992,,,4,,Trade Journal,ar,Article,,14220,0,False,,,,2,12344837,
